EmployeeID,FullName,Region,Office,LOB,Vertical,DirectManager,TenureHire,Tenure^2,TenureGraduation,Algebra1,Current Salary,Graduation Salary,Current Total BV,SG Current BV,SG Current BV Ratio,BV at graduation,LTM NB,SGNB,SGNB Ratio,Prospect In Range,Median win size during select,First Appointments PostGrad,Second Appointments PostGrad,Ride-Alongs PostGrad,PY Ride-Alongs per year,Advance Ratio,Closing Ratio,Number of Wins,Number of Wins Since Graduation,Wins in Vertical PostGrad,Wins in Vertical,Median Win Size,D Vertical,Fapps LTM,Fapps PY LTM,Success Score,Number of Flags,Current BV Score,LTM NB Score,# Prospects (20-50K Revenue) Score,First Appointments Score,Second Appointments Score,Ride-Alongs Score,Advance Ratio Score,Closing Ratio Score,Number of Wins Score,Average Win Size Current (Post Graduation) Score,Current Book Size Expected,LTM NB Expected,# Prospects (20-50K Revenue) Expected,First Appointments Expected,Second Appointments Expected,Ride-Alongs Expected,Advance Ratio Expected,Closing Ratio Expected,Number of Wins Expected,Average Win Size Current (Post Graduation) Expected,Number Split Wins,Partners Who Pair Up Flag,PIP History,PIP Flag,CCAT,CCAT Flag,EPP,EPP Flag,Illustrate,Illustrate Flag,SGBV to Expected BV,Base Salary too low Relative to BV Flag,SGNB to Expected NB,Base Salary too low Relative to NB Flag,Percentile
331853,Abe Kheir,Southwest,Houston,Commercial Lines,Construction,David Paris,1.92,0.68,0.82,1," $130,000 "," $90,000 "," $289,869 ", $-   ,0%," $75,048 "," $256,509 ", $-   ,0%,83,"$3,189.00 ",27,8,27,0,30%,0%,12,0,0,0,,,27,1,35,0,0.00,10.00,3.4,0.0,0.0,6.7,5.0,0.0,0.0,10.0,0.3,39%,100.0,60.2,19.9,30.1,0.3,0.0,2.3," $36,365 ",1.0,N,0,N,85,N,92,N,52,N,0%,N,0%,N,34.2
331495,Abraham Salcedo Morales,Northwest,Oregon,Commercial Lines,Construction,Heidi Tapasa,2.00,0.10,0.31,1," $125,000 "," $85,000 "," $48,521 ", $-   ,0%," $42,443 "," $38,606 ", $-   ,0%,114,"$9,408.00 ",4,0,1,0,0%,0%,5,0,0,0,,,12,5,42,1,10.00,10.00,10.3,0.0,0.0,0.0,0.0,0.0,0.0,10.0,0.0,16%,100.0,23.6,7.8,11.8,0.3,0.0,0.6," $30,828 ",0.0,N,0,N,53,N,73,N,37,Y,0%,N,0%,N,52.7
334898,Adam Pierce,Midwest,Columbus,Employee Benefits,Employee Benefits,Colin Cassady,1.36,0.01,0.08,1," $137,000 "," $85,000 "," $24,874 ", $-   ,0%," $26,690 "," $24,874 ", $-   ,0%,112,"$13,345.00 ",0,0,0,0,0%,0%,2,0,0,0,,,0,0,56,0,10.00,10.00,10.3,0.0,0.0,0.0,0.0,10.0,10.0,0.0,0.0,4%,100.0,5.9,2.0,3.0,0.3,0.0,0.0," $28,325 ",0.0,N,0,N,61,N,84,N,69,N,#DIV/0!,N,0%,N,77.4
328200,Adan Duran,West,New Mexico,Commercial Lines,Transportation,Bartley Kinney,2.55,1.20,1.10,1," $125,000 "," $80,000 "," $92,791 "," $92,791 ",116%," $73,747 "," $49,398 "," $49,398 ",62%,87,"$2,879.00 ",39,6,29,0,15%,3%,14,1,0,0,"$3,321 ",,39,0,36,0,10.00,10.00,5.2,0.0,0.0,5.0,0.0,0.0,1.7,0.0,0.5,49%,100.0,78.3,25.8,39.1,0.3,0.0,3.2," $39,281 ",1.0,N,0,N,No Criteria Data,N,No Criteria Data,N,No Criteria Data,N,106%,N,88%,N,39.6
314708,Addison Ball,Midsouth,Georgia,Employee Benefits,Employee Benefits,Todd Buchanan,5.06,0.27,0.52,1," $125,000 "," $105,000 "," $75,413 ", $-   ,0%," $113,424 "," $62,279 ", $-   ,0%,123,"$7,882.00 ",14,0,5,0,0%,0%,8,0,0,0,,,14,6,24,2,0.00,10.00,10.3,0.0,0.0,0.0,0.0,0.0,0.0,0.0,0.1,25%,100.0,38.8,12.8,19.4,0.3,0.0,1.3," $33,066 ",2.0,Y,0,N,45,Y,72,N,N/A,N,0%,N,0%,N,12.1
327991,Aleck Spears-Mines,Central,Missouri,Commercial Lines,Construction,Chris Natsch,2.57,0.11,0.33,1," $125,000 "," $90,000 "," $77,245 ", $-   ,0%," $49,700 "," $55,535 ", $-   ,0%,57,"$6,987.00 ",8,2,5,1,25%,0%,9,0,0,0,,,15,4,26,0,10.00,10.00,0.0,0.0,0.0,0.0,3.3,0.0,0.0,0.0,0.0,16%,100.0,24.8,8.2,12.4,0.3,0.0,0.6," $31,005 ",0.0,N,0,N,No Criteria Data,N,No Criteria Data,N,No Criteria Data,N,0%,N,0%,N,17.1
326015,Alex Byrne,Mountain,Colorado,Commercial Lines,Construction,Nikki Zakrzewski,2.83,0.04,0.20,1," $140,000 "," $90,000 "," $84,143 ", $-   ,0%," $57,257 "," $59,605 ", $-   ,0%,107,"$2,750.00 ",3,0,2,0,0%,0%,15,0,0,0,,,6,1,35,1,10.00,10.00,10.3,0.0,0.0,0.0,0.0,0.0,0.0,0.0,0.0,10%,100.0,15.2,5.0,7.6,0.3,0.0,0.2," $29,621 ",0.0,N,1,Y,No Criteria Data,N,No Criteria Data,N,No Criteria Data,N,0%,N,0%,N,35.1
332268,Alex Compton,Midsouth,Charlotte,Employee Benefits,Employee Benefits,John Eddleman,1.86,0.31,0.56,1," $125,000 "," $85,000 "," $36,627 ", $-   ,0%," $47,400 "," $33,552 ", $-   ,0%,120,"$11,200.00 ",17,1,8,0,6%,0%,4,0,0,0,,,19,3,24,0,0.00,10.00,10.3,0.0,0.0,0.0,0.0,0.0,0.0,0.0,0.1,27%,100.0,41.7,13.8,20.9,0.3,0.0,1.4," $33,508 ",0.0,N,0,N,81,N,94,N,69,N,0%,N,0%,N,12.1
314757,Alex Downs,Midsouth,Charlotte,Commercial Lines,Construction,Jonathan Magan,5.01,14.65,3.83,1," $200,000 "," $80,000 "," $622,102 "," $622,102 ",778%," $84,997 "," $130,953 "," $130,953 ",164%,167,"$2,317.50 ",108,32,23,15,30%,10%,31,11,5,0,"$22,948 ",,23,17,58,1,10.00,10.00,10.3,1.7,0.0,0.0,5.0,10.0,5.0,0.0,2.6,92%,100.0,210.6,69.5,105.3,0.3,0.1,14.6," $68,645 ",3.0,Y,0,N,No Criteria Data,N,No Criteria Data,N,No Criteria Data,N,115%,N,48%,N,85.1
331187,Alex Heil,Southwest,Dallas,Commercial Lines,Real Estate,Howard McClure,2.05,0.03,0.16,1," $125,000 "," $90,000 "," $78,032 ", $-   ,0%," $40,399 "," $78,032 ", $-   ,0%,121,"$2,523.00 ",1,0,1,0,0%,0%,10,0,0,0,,,1,0,35,0,10.00,10.00,10.3,0.0,0.0,0.0,0.0,0.0,0.0,0.0,0.0,8%,100.0,12.2,4.0,6.1,0.3,0.0,0.1," $29,208 ",0.0,N,0,N,No Criteria Data,N,No Criteria Data,N,No Criteria Data,N,0%,N,0%,N,35.1
330284,Alex Kohl,Southeast,Ft Lauderdale,Commercial Lines,Real Estate,Vinny Zollo,2.05,0.33,0.58,1," $132,350 "," $100,000 "," $52,231 ", $-   ,0%," $37,951 "," $46,731 ", $-   ,0%,55,"$9,018.00 ",16,3,5,0,19%,0%,3,0,0,0,,,23,13,14,0,0.00,10.00,0.0,0.0,0.0,0.0,0.0,0.0,0.0,0.0,0.1,28%,100.0,43.1,14.2,21.5,0.3,0.0,1.5," $33,714 ",0.0,N,0,N,61,N,81,N,80,N,0%,N,0%,N,1.8
332211,Alix Lozano,Southwest,San Antonio,Commercial Lines,Transportation,Brian Kenyon,1.40,0.01,0.08,1," $150,000 "," $105,000 "," $130,032 ", $-   ,0%," $29,200 "," $123,869 ", $-   ,0%,66,"$4,250.00 ",2,0,0,0,0%,0%,6,0,0,0,,,9,1,31,0,10.00,10.00,0.0,0.0,0.0,0.0,0.0,0.0,10.0,0.0,0.0,4%,100.0,6.2,2.0,3.1,0.3,0.0,0.0," $28,354 ",0.0,N,0,N,No Criteria Data,N,No Criteria Data,N,No Criteria Data,N,#DIV/0!,N,0%,N,27.9
317433,Andrea Morisco,Northwest,Idaho,Commercial Lines,Construction,Jake Stacy,4.22,2.25,1.50,1," $95,000 "," $95,000 "," $278,192 "," $278,192 ",293%," $19,193 "," $151,682 "," $151,682 ",160%,92,"$9,596.50 ",74,17,41,11,23%,7%,7,5,4,0,"$18,718 ",,54,34,64,2,10.00,10.00,6.9,5.0,0.0,5.0,1.7,10.0,8.3,0.0,0.8,62%,100.0,103.4,34.1,51.7,0.3,0.0,4.7," $43,610 ",1.0,N,0,N,No Criteria Data,N,No Criteria Data,N,No Criteria Data,N,293%,Y,274%,Y,94.1
334167,Andrew Barns,Northwest,Washington,Commercial Lines,Real Estate,Jake Stacy,1.53,0.05,0.23,1," $136,660 "," $100,000 "," $101,966 ", $-   ,0%," $27,317 "," $101,966 ", $-   ,0%,51,"$4,018.00 ",7,0,0,0,0%,0%,5,0,0,0,,,26,5,24,0,10.00,10.00,0.0,0.0,0.0,0.0,0.0,0.0,0.0,0.0,0.0,12%,100.0,17.8,5.9,8.9,0.3,0.0,0.4," $30,003 ",0.0,N,0,N,No Criteria Data,N,No Criteria Data,N,No Criteria Data,N,0%,N,0%,N,8.5
324459,Andrew Hein,West,Irvine,Commercial Lines,Construction,Aaron Brown,3.01,0.17,0.41,1," $125,000 "," $88,000 "," $159,487 ", $-   ,0%," $104,618 "," $80,451 ", $-   ,0%,78,"$3,298.00 ",21,8,13,2,38%,0%,17,0,0,0,,,39,30,37,1,0.00,10.00,1.7,3.3,5.0,6.7,10.0,0.0,0.0,0.0,0.0,21%,100.0,31.0,10.2,15.5,0.3,0.0,0.9," $31,918 ",0.0,N,1,Y,No Criteria Data,N,No Criteria Data,N,No Criteria Data,N,0%,N,0%,N,44.5
330138,Anthony Worobe,Midatlantic,Philadelphia,Commercial Lines,Construction,John Dempsey,2.21,0.01,0.12,1," $125,000 "," $85,000 "," $53,675 ", $-   ,0%," $36,529 "," $47,760 ", $-   ,0%,90,"$8,015.50 ",0,0,0,0,0%,0%,4,0,0,0,,,11,7,50,0,10.00,10.00,5.2,0.0,0.0,0.0,0.0,10.0,10.0,0.0,0.0,6%,100.0,9.1,3.0,4.6,0.3,0.0,0.0," $28,766 ",0.0,N,0,N,78,N,93,N,59,N,#DIV/0!,N,0%,N,69.3
324461,Ashley Peterson-Link,West,Irvine,Commercial Lines,IC - Manufacturing,Aaron Brown,3.01,0.98,0.99,1," $150,000 "," $85,000 "," $186,578 "," $43,960 ",52%," $139,585 "," $47,669 "," $43,960 ",52%,75,"$1,695.00 ",22,9,12,0,41%,9%,23,2,0,0,"$21,980 ",,22,15,42,0,10.00,10.00,1.7,0.0,0.0,0.0,0.0,10.0,3.3,0.0,0.4,45%,100.0,71.5,23.6,35.7,0.3,0.0,2.9," $38,162 ",1.0,N,0,N,No Criteria Data,N,No Criteria Data,N,No Criteria Data,N,47%,N,71%,N,53.6
321916,Austin Figueroa,West,Arizona,Commercial Lines,Construction,Andy Forsell,3.26,0.17,0.41,1," $125,000 "," $80,000 "," $73,162 ", $-   ,0%," $14,930 "," $67,187 ", $-   ,0%,124,"$2,198.00 ",15,6,13,0,40%,0%,6,0,0,0,,,15,0,33,0,0.00,10.00,10.3,0.0,1.7,6.7,0.0,0.0,0.0,0.0,0.0,21%,100.0,31.0,10.2,15.5,0.3,0.0,0.9," $31,918 ",0.0,N,0,N,87,N,99,N,N/A,N,0%,N,0%,N,31
329602,Barbara Richard,New England,Connecticut,Commercial Lines,Real Estate,Stephen Geib,2.27,0.43,0.66,1," $135,000 "," $90,000 "," $34,739 "," $3,500 ",4%," $36,908 "," $24,984 "," $3,500 ",4%,64,"$2,481.50 ",21,7,15,0,33%,5%,11,1,1,0,"$3,500 ",,23,5,31,1,0.00,5.00,0.0,0.0,0.0,3.3,8.3,10.0,1.7,0.0,0.2,32%,100.0,48.7,16.1,24.3,0.3,0.0,1.7," $34,568 ",0.0,N,0,N,81,N,78,N,31,Y,7%,N,9%,N,27.4
308672,Beau Delany,Midatlantic,Philadelphia,Commercial Lines,Construction,Michael Baker,6.50,11.78,3.43,1," $165,000 "," $80,000 "," $591,499 "," $591,499 ",739%," $160,448 "," $363,881 "," $363,881 ",455%,148,"$2,550.00 ",128,48,41,20,38%,5%,42,7,6,0,"$32,244 ",,41,40,53,0,10.00,10.00,10.3,3.3,5.0,0.0,10.0,0.0,1.7,3.3,2.3,93%,100.0,197.1,65.0,98.5,0.3,0.1,12.8," $64,403 ",0.0,N,0,N,91,N,85,N,N/A,N,148%,N,180%,N,73.4
326539,Ben Braschler,Midwest,Michigan,Commercial Lines,Construction,Cody Simon,2.75,1.51,1.23,1," $125,000 "," $90,000 "," $24,539 "," $24,539 ",27%," $56,357 "," $1,897 "," $1,897 ",2%,104,"$3,279.50 ",45,7,26,2,16%,0%,12,0,0,0,,,40,14,15,0,0.00,0.00,10.3,1.7,0.0,1.7,0.0,0.0,0.0,0.0,0.6,54%,100.0,86.9,28.7,43.4,0.3,0.0,3.7," $40,724 ",0.0,N,0,N,No Criteria Data,N,No Criteria Data,N,No Criteria Data,N,24%,N,3%,N,2.2
329771,Bijan Hatef,Northwest,Idaho,Commercial Lines,IC - Distribution,Jake Stacy,2.25,0.04,0.19,1," $129,031 "," $95,000 "," $89,467 ", $-   ,0%," $49,058 "," $87,072 ", $-   ,0%,56,"$4,305.00 ",2,0,0,0,0%,0%,9,0,0,0,,,7,4,24,0,10.00,10.00,0.0,0.0,0.0,0.0,0.0,0.0,0.0,0.0,0.0,10%,100.0,14.9,4.9,7.5,0.3,0.0,0.2," $29,591 ",0.0,N,0,N,No Criteria Data,N,No Criteria Data,N,No Criteria Data,N,0%,N,0%,N,8.5
329316,Blair Appleton,Southeast,Tampa,Commercial Lines,Real Estate,Adam Lopatin,2.34,1.16,1.08,1," $150,000 "," $90,000 "," $15,939 "," $15,939 ",18%," $60,200 "," $15,939 "," $15,939 ",18%,146,"$4,500.00 ",42,27,30,1,64%,2%,10,1,0,0,"$15,973 ",,39,9,26,0,0.00,0.00,10.3,1.7,10.0,5.0,0.0,0.0,1.7,0.0,0.5,48%,100.0,77.0,25.4,38.5,0.3,0.0,3.1," $39,075 ",1.0,N,0,N,95,N,90,N,98,N,15%,N,24%,N,16.2
326013,Blake Hankins,Southeast,Tennessee,Commercial Lines,Healthcare,Allen Wade,2.82,0.54,0.73,1," $150,000 "," $90,000 "," $178,608 ", $-   ,0%," $33,663 "," $178,608 ", $-   ,0%,55,"$10,575.00 ",23,5,15,0,22%,0%,3,0,0,0,,,27,8,17,0,0.00,10.00,0.0,0.0,0.0,1.7,1.7,0.0,0.0,0.0,0.3,35%,100.0,54.0,17.8,27.0,0.3,0.0,2.0," $35,393 ",0.0,N,0,N,No Criteria Data,N,No Criteria Data,N,No Criteria Data,N,0%,N,0%,N,3.6
320313,Brad Fuller,Southwest,Dallas,Commercial Lines,Real Estate,Mike Nielsen,3.55,0.78,0.88,1," $150,000 "," $77,500 "," $143,410 "," $7,310 ",9%," $444,734 "," $46,295 "," $7,310 ",9%,107,"$3,326.00 ",34,10,23,0,29%,3%,25,1,1,0,"$21,500 ",,34,13,37,1,0.00,10.00,10.3,1.7,0.0,5.0,5.0,0.0,1.7,0.0,0.4,41%,100.0,64.3,21.2,32.2,0.3,0.0,2.5," $37,013 ",4.0,Y,0,N,No Criteria Data,N,No Criteria Data,N,No Criteria Data,N,9%,N,13%,N,41.8
329396,Bradley DeRoche,Southwest,Louisiana,Commercial Lines,IC - Manufacturing,Michael DeLasalle,2.32,1.16,1.08,1," $150,000 "," $90,000 "," $100,603 "," $100,603 ",112%," $22,731 "," $93,889 "," $93,889 ",104%,97,"$3,787.50 ",36,5,36,0,14%,6%,6,2,0,0,"$33,319 ",,36,6,60,1,10.00,10.00,8.6,0.0,0.0,8.3,0.0,10.0,1.7,5.0,0.5,48%,100.0,77.0,25.4,38.5,0.3,0.0,3.1," $39,075 ",1.0,N,0,N,No Criteria Data,N,No Criteria Data,N,No Criteria Data,N,97%,N,142%,Y,87.8
326756,Brandon Cheney,Northeast,Long Island,Commercial Lines,Construction,Javier Caneda,2.58,0.31,0.56,1," $135,000 "," $90,000 "," $84,481 "," $7,785 ",9%," $36,395 "," $63,117 "," $7,785 ",9%,57,"$6,234.00 ",24,3,16,0,13%,8%,7,2,0,0,"$3,893 ",,37,24,45,0,3.33,10.00,0.0,1.7,0.0,5.0,0.0,10.0,10.0,0.0,0.1,27%,100.0,41.7,13.8,20.9,0.3,0.0,1.4," $33,508 ",1.0,N,0,N,No Criteria Data,N,No Criteria Data,N,No Criteria Data,N,19%,N,21%,N,60.8
209432,Brandon Persinger,Midatlantic,Maryland,Employee Benefits,Employee Benefits,Nicholas Mafale,8.12,0.31,0.56,1," $140,000 "," $90,000 "," $130,820 "," $31,000 ",34%," $87,803 "," $68,227 "," $31,000 ",34%,125,"$5,000.00 ",15,5,16,0,33%,7%,10,1,0,0,"$31,000 ",,16,4,64,1,10.00,10.00,10.3,0.0,0.0,5.0,8.3,10.0,3.3,3.3,0.1,27%,100.0,41.7,13.8,20.9,0.3,0.0,1.4," $33,508 ",0.0,N,0,N,53,N,73,N,29,Y,71%,N,82%,N,94.5
328534,Brandon Steele,Mountain,Minnesota,Commercial Lines,IC - Manufacturing,Cameron Purcell,2.48,0.93,0.96,1," $135,000 "," $90,000 "," $185,546 "," $66,500 ",74%," $70,648 "," $136,488 "," $66,500 ",74%,101,"$3,650.00 ",19,7,12,0,37%,5%,21,1,0,0,"$66,500 ",,19,3,57,2,10.00,10.00,10.3,0.0,0.0,0.0,10.0,10.0,1.7,0.0,0.4,44%,100.0,69.6,23.0,34.8,0.3,0.0,2.8," $37,867 ",0.0,N,0,N,29,Y,88,N,90,N,81%,N,122%,Y,81.9
319084,Brennan Brady,Midsouth,South Carolina,Commercial Lines,IC - Distribution,Robb Imbus,3.84,6.62,2.57,1," $150,000 "," $75,000 "," $213,477 "," $213,477 ",285%," $59,784 "," $105,851 "," $105,851 ",141%,234,"$3,525.00 ",94,33,35,33,35%,5%,18,5,0,0,"$23,941 ",,35,42,56,1,10.00,10.00,10.3,1.7,3.3,0.0,8.3,6.7,1.7,0.0,1.6,86%,100.0,161.0,53.1,80.5,0.3,0.1,8.9," $55,155 ",2.0,Y,0,N,No Criteria Data,N,No Criteria Data,N,No Criteria Data,N,80%,N,75%,N,77.4
329368,Brian Sandridge,Midatlantic,Virginia,Commercial Lines,Healthcare,Justin Weis,2.33,0.17,0.41,1," $137,000 "," $100,000 "," $77,279 ", $-   ,0%," $66,439 "," $62,128 ", $-   ,0%,133,"$3,400.00 ",10,2,5,0,20%,0%,9,0,0,0,,,15,11,26,0,0.00,10.00,10.3,0.0,0.0,0.0,1.7,0.0,0.0,0.0,0.0,21%,100.0,31.0,10.2,15.5,0.3,0.0,0.9," $31,918 ",0.0,N,0,N,68,N,93,N,83,N,0%,N,0%,N,15.3
329802,Brock Sigler,Central,Missouri,Employee Benefits,Employee Benefits,Dean Eggerding,2.23,0.38,0.62,1," $125,000 "," $90,000 "," $82,315 ", $-   ,0%," $107,791 "," $76,782 ", $-   ,0%,58,"$11,500.00 ",22,2,17,0,9%,0%,7,0,0,0,,,26,6,19,0,0.00,10.00,0.0,0.0,0.0,5.0,0.0,0.0,0.0,0.0,0.2,30%,100.0,45.8,15.1,22.9,0.3,0.0,1.6," $34,127 ",1.0,N,0,N,No Criteria Data,N,No Criteria Data,N,No Criteria Data,N,0%,N,0%,N,5.4
328099,Caitlyn Hernandez,Midsouth,Georgia,Employee Benefits,Employee Benefits,Mark Stroman,2.55,2.36,1.54,1," $150,000 "," $90,000 "," $173,712 "," $173,712 ",193%," $98,000 "," $96,567 "," $96,567 ",107%,285,"$8,000.00 ",55,7,41,13,13%,7%,14,4,0,0,"$31,213 ",,41,20,62,3,10.00,10.00,10.3,1.7,0.0,5.0,0.0,10.0,5.0,3.3,0.9,64%,100.0,105.7,34.9,52.9,0.3,0.0,4.8," $44,023 ",2.0,Y,0,N,45,Y,95,N,58,N,113%,N,108%,Y,90.9
336553,Carly Michaelis,Southeast,Miami,Commercial Lines,Real Estate,Alejandro Bolivar,1.04,0.00,0.04,1," $130,000 "," $90,000 "," $175,527 ", $-   ,0%," $21,248 "," $175,527 ", $-   ,0%,24,"$6,180.00 ",3,0,0,0,0%,0%,3,0,0,0,,,9,0,43,0,10.00,10.00,0.0,8.3,0.0,0.0,0.0,0.0,10.0,0.0,0.0,2%,100.0,3.2,1.1,1.6,0.3,0.0,0.0," $27,942 ",0.0,N,0,N,81,N,84,N,94,N,#DIV/0!,N,0%,N,54.5
320995,Casey Ryan,Southwest,Houston,Employee Benefits,Employee Benefits,Ada Waters,3.45,1.86,1.36,1," $150,000 "," $75,000 "," $69,498 "," $69,498 ",93%," $54,390 "," $66,089 "," $66,089 ",88%,58,"$6,500.00 ",46,11,27,7,24%,2%,10,1,0,0,"$80,000 ",,37,9,29,0,10.00,10.00,0.0,0.0,0.0,1.7,3.3,0.0,1.7,0.0,0.7,58%,100.0,95.3,31.4,47.6,0.3,0.0,4.2," $42,167 ",1.0,N,0,N,No Criteria Data,N,No Criteria Data,N,No Criteria Data,N,51%,N,82%,N,24.3
325212,Cassidy Goss,Midsouth,South Carolina,Commercial Lines,Construction,John Boetsch,2.92,2.48,1.58,1," $150,000 "," $80,000 "," $188,211 "," $188,211 ",235%," $67,115 "," $62,894 "," $62,894 ",79%,149,"$2,557.00 ",51,15,34,16,29%,6%,18,3,1,0,"$69,286 ",,34,23,57,0,10.00,10.00,10.3,0.0,0.0,3.3,5.0,10.0,1.7,0.0,0.9,65%,100.0,108.0,35.6,54.0,0.3,0.0,5.0," $44,435 ",1.0,N,0,N,78,N,52,N,N/A,N,119%,N,69%,N,82.8
320987,Celeste Renn,Mountain,Colorado,Commercial Lines,IC - Distribution,Nikki Zakrzewski,3.45,1.43,1.19,1," $100,000 "," $76,000 "," $104,016 "," $104,016 ",137%," $88,023 "," $23,870 "," $23,870 ",31%,134,"$1,812.00 ",42,16,35,2,38%,2%,29,1,0,0,"$45,000 ",,40,4,39,1,10.00,1.67,10.3,0.0,1.7,6.7,10.0,0.0,1.7,0.0,0.6,53%,100.0,84.6,27.9,42.3,0.3,0.0,3.6," $40,341 ",0.0,N,0,N,No Criteria Data,N,No Criteria Data,N,No Criteria Data,N,134%,Y,50%,N,47.7
328778,Charles Bowers,Midsouth,South Carolina,Employee Benefits,Employee Benefits,Rion Shearer,2.40,0.01,0.12,1," $125,000 "," $80,000 "," $73,237 ", $-   ,0%," $89,746 "," $61,235 ", $-   ,0%,44,"$7,984.00 ",1,0,0,0,0%,0%,7,0,0,0,,,4,4,31,0,10.00,10.00,0.0,0.0,0.0,0.0,0.0,0.0,10.0,0.0,0.0,6%,100.0,9.1,3.0,4.6,0.3,0.0,0.0," $28,766 ",0.0,N,0,N,68,N,86,N,78,N,#DIV/0!,N,0%,N,27.9
329443,Chase LaMoreaux,Northwest,Washington,Commercial Lines,Healthcare,Kevin Swiryn,2.33,1.00,1.00,1," $165,000 "," $110,000 "," $183,427 "," $183,427 ",167%," $27,644 "," $119,987 "," $119,987 ",109%,28,"$2,366.00 ",32,8,24,0,25%,9%,10,3,0,0,"$26,373 ",,32,10,49,2,10.00,10.00,0.0,0.0,0.0,3.3,3.3,10.0,8.3,0.0,0.5,45%,100.0,72.0,23.8,36.0,0.3,0.0,2.9," $38,250 ",0.0,N,0,N,45,Y,83,N,28,Y,176%,N,175%,N,66.6
326075,Chaz Gorman,Midatlantic,Philadelphia,Commercial Lines,Real Estate,Anthony DiBernardino,2.83,0.02,0.14,1," $125,000 "," $87,500 "," $117,504 ", $-   ,0%," $87,384 "," $70,374 ", $-   ,0%,50,"$7,186.00 ",3,0,3,0,0%,0%,11,0,0,0,,,7,4,26,0,10.00,10.00,0.0,0.0,0.0,1.7,0.0,0.0,0.0,0.0,0.0,7%,100.0,10.6,3.5,5.3,0.3,0.0,0.1," $28,973 ",0.0,N,0,N,No Criteria Data,N,No Criteria Data,N,No Criteria Data,N,0%,N,0%,N,15.7
327900,Chris Gurka,Southwest,Houston,Commercial Lines,IC - Manufacturing,Tim Huber,2.52,0.55,0.74,1," $125,000 "," $86,250 "," $65,064 ", $-   ,0%," $74,156 "," $50,310 ", $-   ,0%,113,"$3,611.50 ",21,8,21,0,38%,0%,18,0,0,0,,,21,6,37,0,0.00,10.00,10.3,0.0,0.0,5.0,10.0,0.0,0.0,0.0,0.3,35%,100.0,54.4,18.0,27.2,0.3,0.0,2.0," $35,452 ",0.0,N,0,N,No Criteria Data,N,No Criteria Data,N,No Criteria Data,N,0%,N,0%,N,41.8
330013,Chris Moore,Central,Missouri,Employee Benefits,Employee Benefits,Dean Eggerding,2.23,0.27,0.52,1," $125,000 "," $90,000 "," $36,820 ", $-   ,0%," $78,478 "," $36,820 ", $-   ,0%,73,"$7,400.00 ",17,3,17,0,18%,0%,7,0,0,0,,,18,4,22,2,0.00,10.00,1.7,0.0,0.0,6.7,0.0,0.0,0.0,0.0,0.1,26%,100.0,39.0,12.9,19.5,0.3,0.0,1.3," $33,096 ",0.0,N,1,Y,71,N,75,N,38,Y,0%,N,0%,N,7.6
320502,Chris Ochmanek,Central,Illinois,Commercial Lines,IC - Manufacturing,Chris Chiero,3.55,4.67,2.16,1," $125,000 "," $90,000 "," $342,513 "," $342,513 ",381%," $77,498 "," $213,929 "," $213,929 ",238%,69,"$5,160.00 ",88,22,39,38,25%,6%,16,5,0,0,"$40,000 ",,39,46,58,2,10.00,10.00,1.7,3.3,0.0,1.7,3.3,10.0,3.3,10.0,1.3,79%,100.0,140.6,46.4,70.3,0.3,0.1,7.2," $50,738 ",1.0,N,0,N,97,N,69,N,57,N,185%,Y,213%,Y,84.2
331236,Christian Culligan,Midatlantic,DC Metro,Commercial Lines,Construction,Eric Young,2.05,0.36,0.60,1," $125,000 "," $90,000 "," $57,068 ", $-   ,0%," $75,969 "," $47,304 ", $-   ,0%,175,"$8,225.00 ",27,6,26,0,22%,0%,8,0,0,0,,,31,5,41,1,0.00,10.00,10.3,3.3,0.0,10.0,1.7,0.0,0.0,0.0,0.1,29%,100.0,44.4,14.7,22.2,0.3,0.0,1.5," $33,921 ",0.0,N,0,N,22,Y,84,N,84,N,0%,N,0%,N,51.3
324206,Christian Garza,Southwest,Dallas,Commercial Lines,Construction,Vince Bell,3.05,2.42,1.56,1," $175,000 "," $80,000 "," $468,402 "," $468,402 ",586%," $77,720 "," $333,370 "," $333,370 ",417%,133,"$2,177.00 ",59,11,34,10,19%,10%,18,6,3,0,"$11,925 ",,41,25,60,0,10.00,10.00,10.3,1.7,0.0,3.3,0.0,10.0,8.3,0.0,0.9,64%,100.0,106.9,35.3,53.4,0.3,0.0,4.9," $44,229 ",0.0,N,0,N,No Criteria Data,N,No Criteria Data,N,No Criteria Data,N,257%,N,316%,N,88.7
320973,Christopher DeMaria,Northeast,NY Metro,Employee Benefits,Employee Benefits,Eric Labaska,3.45,0.01,0.08,1," $150,000 "," $90,000 "," $17,566 ", $-   ,0%," $62,100 "," $17,566 ", $-   ,0%,46,"$9,550.00 ",0,0,0,0,0%,0%,6,0,0,0,,,7,1,45,2,10.00,10.00,0.0,0.0,0.0,0.0,0.0,10.0,10.0,0.0,0.0,4%,100.0,5.9,2.0,3.0,0.3,0.0,0.0," $28,325 ",0.0,N,0,N,38,Y,44,Y,52,N,#DIV/0!,N,0%,N,59.4
331892,CJ Wyatt,Southeast,Tampa,Commercial Lines,Real Estate,Adam Lopatin,1.94,0.03,0.16,1," $125,000 "," $80,000 "," $86,838 "," $11,617 ",15%," $42,800 "," $74,469 "," $11,617 ",15%,64,"$10,800.00 ",3,0,1,0,0%,0%,4,0,0,0,,,27,7,24,0,10.00,10.00,0.0,0.0,0.0,0.0,0.0,0.0,0.0,0.0,0.0,8%,100.0,12.2,4.0,6.1,0.3,0.0,0.1," $29,208 ",0.0,N,0,N,58,N,90,N,74,N,562%,N,68%,N,8.5
321424,Clinton Happe,Central,Missouri,Commercial Lines,Construction,Chris Natsch,3.36,3.82,1.95,1," $150,000 "," $95,000 "," $535,268 "," $535,268 ",563%," $79,542 "," $395,032 "," $395,032 ",416%,45,"$2,901.00 ",70,25,35,25,36%,6%,25,4,3,0,"$23,337 ",,35,35,50,3,10.00,10.00,0.0,1.7,1.7,1.7,8.3,10.0,1.7,0.0,1.2,75%,100.0,129.5,42.7,64.7,0.3,0.0,6.4," $48,499 ",0.0,N,0,N,89,N,69,N,35,Y,268%,Y,359%,Y,68.9
324743,Cole Schweers,Midsouth,Georgia,Commercial Lines,Construction,Craig Elrod,2.98,1.18,1.08,1," $125,000 "," $75,000 "," $227,767 "," $227,767 ",304%," $75,881 "," $155,871 "," $155,871 ",208%,141,"$1,914.50 ",34,7,30,0,21%,9%,23,3,0,0,"$12,056 ",,34,9,60,3,10.00,10.00,10.3,0.0,0.0,5.0,1.7,10.0,6.7,0.0,0.5,49%,100.0,77.6,25.6,38.8,0.3,0.0,3.2," $39,163 ",2.0,Y,0,N,No Criteria Data,N,No Criteria Data,N,No Criteria Data,N,262%,Y,280%,Y,87.3
331502,Collin Olden,Northwest,Washington,Commercial Lines,Real Estate,Jake Stacy,2.00,0.40,0.64,1," $90,000 "," $90,000 "," $105,504 "," $1,519 ",2%," $46,667 "," $86,193 "," $1,519 ",2%,46,"$3,548.50 ",18,4,0,0,22%,6%,13,1,1,0,"$1,519 ",,19,0,30,0,0.00,10.00,0.0,0.0,0.0,0.0,1.7,10.0,1.7,0.0,0.2,31%,100.0,47.2,15.6,23.6,0.3,0.0,1.6," $34,333 ",0.0,N,0,N,74,N,87,N,70,N,5%,N,6%,N,26.5
327573,Colton Keen,Southeast,Tennessee,Commercial Lines,IC - Manufacturing,Robert Harris,2.59,1.73,1.32,1," $150,000 "," $80,000 "," $152,774 "," $152,774 ",191%," $29,793 "," $100,812 "," $100,812 ",126%,63,"$4,009.00 ",53,27,40,6,51%,4%,7,2,0,0,"$48,899 ",,44,16,41,1,10.00,10.00,0.0,1.7,6.7,6.7,0.0,1.7,1.7,0.0,0.7,57%,100.0,92.2,30.4,46.1,0.3,0.0,4.0," $41,637 ",0.0,N,0,N,No Criteria Data,N,No Criteria Data,N,No Criteria Data,N,118%,N,129%,Y,52.2
329346,Connie Courseault,West,Los Angeles,Employee Benefits,Employee Benefits,Jake Burns,2.34,0.82,0.91,1," $125,000 "," $90,000 "," $56,378 "," $32,000 ",36%," $42,720 "," $56,094 "," $32,000 ",36%,126,"$2,871.00 ",29,13,12,0,45%,3%,7,1,0,0,"$32,000 ",,29,6,43,0,6.67,10.00,10.3,0.0,1.7,0.0,0.0,5.0,1.7,3.3,0.4,42%,100.0,65.8,21.7,32.9,0.3,0.0,2.6," $37,249 ",1.0,N,0,N,61,N,75,N,98,N,45%,N,66%,N,55.8
328976,Connor Fitzgerald,New England,Upstate New York,Commercial Lines,Construction,Ashley Franczak,2.40,0.01,0.12,1," $130,000 "," $95,000 "," $69,557 ", $-   ,0%," $36,107 "," $66,627 ", $-   ,0%,76,"$3,767.00 ",4,1,0,0,25%,0%,7,0,0,0,,,12,9,35,0,10.00,10.00,1.7,0.0,0.0,0.0,3.3,0.0,10.0,0.0,0.0,6%,100.0,9.1,3.0,4.6,0.3,0.0,0.0," $28,766 ",0.0,N,0,N,65,N,86,N,59,N,#DIV/0!,N,0%,N,38.7
334451,Corey Goldman,Mountain,Colorado,Employee Benefits,Employee Benefits,Jessica Choate,1.48,0.24,0.49,1," $125,000 "," $87,000 "," $33,763 ", $-   ,0%," $17,798 "," $21,315 ", $-   ,0%,141,"$5,966.00 ",17,3,12,0,18%,0%,3,0,0,0,,,21,0,26,1,0.00,8.33,10.3,0.0,0.0,3.3,0.0,0.0,0.0,0.0,0.1,24%,100.0,36.6,12.1,18.3,0.3,0.0,1.2," $32,742 ",0.0,N,0,N,53,N,49,Y,73,N,0%,N,0%,N,14.8
326709,Cortney Tyson,Midsouth,Raleigh,Employee Benefits,Employee Benefits,Matt Estrela,2.67,0.55,0.74,1," $125,000 "," $125,000 "," $28,641 ", $-   ,0%," $85,679 "," $25,930 ", $-   ,0%,128,"$9,500.00 ",24,6,18,0,25%,0%,9,0,0,0,,,24,10,19,0,0.00,1.67,10.3,0.0,0.0,3.3,3.3,0.0,0.0,0.0,0.3,35%,100.0,54.4,18.0,27.2,0.3,0.0,2.0," $35,452 ",0.0,N,0,N,61,N,70,N,N/A,N,0%,N,0%,N,4.9
334137,Cross Keller,Midsouth,South Carolina,Commercial Lines,IC - Manufacturing,John Boetsch,1.56,0.12,0.35,1," $132,700 "," $100,000 "," $84,394 "," $2,486 ",2%," $43,912 "," $65,509 "," $2,486 ",2%,146,"$4,700.00 ",9,3,7,0,33%,11%,9,1,0,0,"$2,486 ",,9,1,63,0,10.00,10.00,10.3,0.0,0.0,1.7,8.3,10.0,10.0,0.0,0.0,18%,100.0,26.4,8.7,13.2,0.3,0.0,0.7," $31,240 ",0.0,N,0,N,No Criteria Data,N,No Criteria Data,N,No Criteria Data,N,12%,N,9%,N,92.3
327480,Crystal Colligan,Midatlantic,Virginia,Employee Benefits,Employee Benefits,Brian Shields,2.63,0.33,0.58,1," $125,000 "," $90,000 "," $36,714 ", $-   ,0%," $75,674 "," $31,023 ", $-   ,0%,120,"$7,500.00 ",4,0,4,0,0%,0%,7,0,0,0,,,4,1,24,0,0.00,10.00,10.3,0.0,0.0,0.0,0.0,0.0,0.0,0.0,0.1,28%,100.0,42.9,14.2,21.4,0.3,0.0,1.4," $33,685 ",0.0,N,0,N,78,N,81,N,N/A,N,0%,N,0%,N,12.1
205638,Dalton Goetzinger,Southwest,Houston,Commercial Lines,Real Estate,David Paris,11.14,14.65,3.83,1," $125,000 "," $75,000 "," $521,886 "," $521,886 ",696%, $-   ," $137,261 "," $137,261 ",183%,59,,124,19,26,26,15%,5%,6,6,2,0,"$24,607 ",,26,35,28,1,10.00,10.00,0.0,1.7,0.0,0.0,0.0,0.0,1.7,0.0,2.6,92%,100.0,210.6,69.5,105.3,0.3,0.1,14.6," $68,645 ",0.0,N,0,N,No Criteria Data,N,No Criteria Data,N,No Criteria Data,N,154%,Y,81%,N,19.8
322460,Dalton Heiney,Midsouth,Georgia,Commercial Lines,Construction,Craig Elrod,3.21,4.71,2.17,1," $150,000 "," $150,000 "," $180,946 "," $180,946 ",121%," $75,124 "," $144,612 "," $144,612 ",96%,245,"$1,500.00 ",85,27,44,41,32%,5%,25,4,1,0,"$14,086 ",,44,36,52,2,5.00,10.00,10.3,3.3,1.7,3.3,6.7,5.0,1.7,0.0,1.3,79%,100.0,141.0,46.5,70.5,0.3,0.1,7.3," $50,826 ",2.0,Y,0,N,71,N,93,N,N/A,N,81%,N,120%,Y,71.6
334641,Dalton Stewart,Southwest,Houston,Employee Benefits,Employee Benefits,Larry Saunders,1.33,0.03,0.16,1," $125,000 "," $85,000 "," $33,386 "," $3,400 ",4%," $26,661 "," $33,386 "," $3,400 ",4%,159,"$4,500.00 ",2,2,0,0,100%,50%,5,1,0,0,"$3,400 ",,4,0,56,0,10.00,10.00,10.3,0.0,0.0,0.0,0.0,10.0,10.0,0.0,0.0,8%,100.0,12.2,4.0,6.1,0.3,0.0,0.1," $29,208 ",0.0,N,0,N,78,N,66,N,85,N,165%,N,20%,N,77.4
318592,Dami Ajayi,Midatlantic,Philadelphia,Commercial Lines,Real Estate,Anthony DiBernardino,3.92,2.47,1.57,1," $150,000 "," $90,000 "," $228,279 "," $228,279 ",254%," $76,450 "," $102,879 "," $102,879 ",114%,110,"$2,391.00 ",69,26,48,20,38%,4%,26,3,1,0,"$26,724 ",,48,26,65,2,10.00,10.00,10.3,3.3,5.0,6.7,10.0,5.0,1.7,0.0,0.9,65%,100.0,107.8,35.6,53.9,0.3,0.0,5.0," $44,405 ",1.0,N,0,N,No Criteria Data,N,No Criteria Data,N,No Criteria Data,N,144%,Y,113%,Y,95
333082,Damon Carlson,Mountain,Utah,Employee Benefits,Employee Benefits,Katie Wood,1.72,0.43,0.66,1," $135,000 "," $80,000 "," $25,055 ", $-   ,0%," $60,500 "," $25,055 ", $-   ,0%,91,"$10,750.00 ",17,0,11,0,0%,0%,4,0,0,0,,,18,2,16,0,0.00,6.67,6.9,0.0,0.0,0.0,0.0,0.0,0.0,0.0,0.2,32%,100.0,48.7,16.1,24.3,0.3,0.0,1.7," $34,568 ",0.0,N,0,N,No Criteria Data,N,No Criteria Data,N,No Criteria Data,N,0%,N,0%,N,3.1
320102,Dan Barden,Northeast,Long Island,Commercial Lines,Healthcare,Keith Camacho,3.58,3.04,1.74,1," $125,000 "," $83,000 "," $286,493 "," $286,493 ",345%," $90,703 "," $191,727 "," $191,727 ",231%,176,"$2,553.00 ",113,28,80,23,25%,3%,20,3,0,0,"$32,350 ",,80,39,66,2,10.00,10.00,10.3,8.3,5.0,10.0,3.3,0.0,1.7,3.3,1.0,69%,100.0,117.7,38.8,58.8,0.3,0.0,5.6," $46,232 ",0.0,N,0,N,No Criteria Data,N,No Criteria Data,N,No Criteria Data,N,195%,Y,231%,Y,95.4
328657,Dan Olson,West,Arizona,Commercial Lines,Construction,Andy Forsell,2.44,1.08,1.04,1," $135,000 "," $85,000 "," $97,610 "," $97,610 ",115%," $74,137 ", $-   , $-   ,0%,106,"$3,884.00 ",43,18,28,1,42%,0%,8,0,0,0,,,43,11,32,2,10.00,0.00,10.3,1.7,5.0,5.0,0.0,0.0,0.0,0.0,0.5,47%,100.0,74.5,24.6,37.3,0.3,0.0,3.0," $38,662 ",1.0,N,1,Y,25,Y,62,N,91,N,109%,N,0%,N,30.1
330582,Dane Olah,West,Arizona,Commercial Lines,Construction,Mike Gates,2.05,0.24,0.49,1," $125,000 "," $80,000 "," $89,217 "," $4,988 ",6%," $52,933 "," $88,731 "," $4,988 ",6%,104,"$3,061.50 ",18,12,11,0,67%,6%,11,1,0,0,"$4,988 ",,22,3,59,1,6.67,10.00,10.3,0.0,8.3,3.3,0.0,10.0,6.7,0.0,0.1,24%,100.0,36.6,12.1,18.3,0.3,0.0,1.2," $32,742 ",0.0,N,0,N,41,Y,69,N,70,N,15%,N,16%,N,86.4
331047,Daniel Jordan,Central,Illinois,Commercial Lines,Real Estate,Tommy Durkin,2.05,0.06,0.24,1," $128,500 "," $110,000 "," $80,976 "," $1,764 ",2%," $44,288 "," $71,315 "," $1,764 ",2%,102,"$5,358.00 ",6,3,7,1,50%,17%,6,1,1,0,"$1,764 ",,8,5,61,2,10.00,10.00,10.3,0.0,0.0,5.0,0.0,10.0,10.0,0.0,0.0,12%,100.0,18.7,6.2,9.3,0.3,0.0,0.4," $30,121 ",0.0,N,0,N,29,Y,51,N,33,Y,17%,N,8%,N,89.6
328452,Dave Gerig,Southwest,Oklahoma,Employee Benefits,Employee Benefits,Dason Gwartney,2.48,0.55,0.74,1," $126,000 "," $82,000 "," $13,782 ", $-   ,0%," $55,600 "," $11,082 ", $-   ,0%,73,"$9,000.00 ",13,2,9,0,15%,0%,5,0,0,0,,,19,14,2,0,0.00,0.00,1.7,0.0,0.0,0.0,0.0,0.0,0.0,0.0,0.3,35%,100.0,54.4,18.0,27.2,0.3,0.0,2.0," $35,452 ",0.0,N,0,N,No Criteria Data,N,No Criteria Data,N,No Criteria Data,N,0%,N,0%,N,0.9
329031,David Arringdale,Southwest,San Antonio,Commercial Lines,Healthcare,Brian Kenyon,2.38,1.20,1.10,1," $135,000 "," $95,000 "," $82,561 "," $82,561 ",87%," $74,043 "," $18,081 "," $18,081 ",19%,111,"$14,000.00 ",33,9,21,0,27%,3%,8,1,0,0,"$5,500 ",,33,16,27,0,10.00,0.00,10.3,0.0,0.0,1.7,5.0,0.0,1.7,0.0,0.5,49%,100.0,78.3,25.8,39.1,0.3,0.0,3.2," $39,281 ",0.0,N,0,N,71,N,82,N,90,N,87%,N,30%,N,18.9
333304,Dawson Reynolds,Mountain,Utah,Employee Benefits,Employee Benefits,Katie Wood,1.65,0.03,0.16,1," $125,000 "," $75,000 "," $35,347 ", $-   ,0%," $49,572 "," $35,347 ", $-   ,0%,64,"$6,187.00 ",5,1,4,0,20%,0%,5,0,0,0,,,11,7,29,0,10.00,10.00,0.0,0.0,0.0,3.3,1.7,0.0,0.0,0.0,0.0,8%,100.0,12.2,4.0,6.1,0.3,0.0,0.1," $29,208 ",0.0,N,0,N,No Criteria Data,N,No Criteria Data,N,No Criteria Data,N,0%,N,0%,N,23.8
334271,Dean Foster,Midatlantic,Virginia,Commercial Lines,Real Estate,Justin Weis,1.53,0.01,0.08,1," $144,000 "," $107,000 "," $48,261 ", $-   ,0%," $4,665 "," $48,261 ", $-   ,0%,0,"$4,665.00 ",0,0,0,0,0%,0%,1,0,0,0,,,2,0,45,0,10.00,10.00,0.0,0.0,0.0,0.0,0.0,10.0,10.0,0.0,0.0,4%,100.0,5.9,2.0,3.0,0.3,0.0,0.0," $28,325 ",0.0,N,0,N,No Criteria Data,N,No Criteria Data,N,No Criteria Data,N,#DIV/0!,N,0%,N,59.4
321850,Del Duffield,Midsouth,Charlotte,Employee Benefits,Employee Benefits,Shannon Buckner,3.28,2.47,1.57,1," $125,000 "," $80,000 "," $78,293 "," $78,293 ",98%," $82,700 "," $25,505 "," $25,505 ",32%,93,"$11,000.00 ",62,6,46,13,10%,0%,7,0,0,0,,,46,20,25,0,8.33,0.00,6.9,1.7,0.0,6.7,0.0,0.0,0.0,0.0,0.9,65%,100.0,107.8,35.6,53.9,0.3,0.0,5.0," $44,405 ",0.0,N,0,N,No Criteria Data,N,No Criteria Data,N,No Criteria Data,N,59%,N,34%,N,14.4
330702,Derek Lesmann,Mountain,Colorado,Employee Benefits,Employee Benefits,Cory Renon,2.09,0.33,0.57,1," $140,000 "," $100,000 "," $74,457 ", $-   ,0%," $87,201 "," $61,087 ", $-   ,0%,50,"$13,750.00 ",17,2,11,1,12%,0%,6,0,0,0,,,18,1,16,0,0.00,10.00,0.0,0.0,0.0,1.7,0.0,0.0,0.0,0.0,0.1,28%,100.0,42.7,14.1,21.3,0.3,0.0,1.4," $33,655 ",1.0,N,0,N,61,N,61,N,64,N,0%,N,0%,N,2.7
332018,Dillon Corbo,Northeast,White Plains,Commercial Lines,Construction,Roger Gill,1.90,0.72,0.85,1," $125,000 "," $95,000 "," $151,150 "," $64,850 ",68%," $51,150 "," $122,284 "," $64,850 ",68%,209,"$7,415.00 ",37,19,27,0,51%,11%,11,4,3,0,"$18,843 ",,38,12,70,2,10.00,10.00,10.3,1.7,8.3,6.7,0.0,10.0,10.0,0.0,0.3,39%,100.0,61.7,20.4,30.9,0.3,0.0,2.4," $36,601 ",0.0,N,0,N,34,Y,91,N,79,N,100%,N,142%,Y,97.2
326273,Dominic Divito,Northwest,Oregon,Commercial Lines,Real Estate,Heidi Tapasa,2.78,0.98,0.99,1," $125,000 "," $87,000 "," $58,306 "," $66,000 ",76%," $77,718 "," $31,744 "," $66,000 ",76%,71,"$1,827.00 ",31,11,18,0,35%,6%,26,2,1,0,"$64,250 ",,32,26,43,1,10.00,5.00,1.7,0.0,0.0,1.7,8.3,10.0,3.3,0.0,0.4,45%,100.0,71.5,23.6,35.7,0.3,0.0,2.9," $38,162 ",1.0,N,0,N,68,N,89,N,N/A,N,84%,N,128%,Y,54.9
329973,Donnie Wise,Southeast,Tampa,Employee Benefits,Employee Benefits,Jennifer Jackson,2.21,0.03,0.16,1," $125,000 "," $80,000 "," $21,737 ", $-   ,0%," $31,703 "," $20,351 ", $-   ,0%,104,"$6,501.50 ",1,1,1,0,100%,0%,4,0,0,0,,,6,4,35,1,10.00,10.00,10.3,0.0,0.0,0.0,0.0,0.0,0.0,0.0,0.0,8%,100.0,12.2,4.0,6.1,0.3,0.0,0.1," $29,208 ",0.0,N,0,N,29,Y,81,N,60,N,0%,N,0%,N,35.1
328601,Drew West,Midwest,Cincinnati,Commercial Lines,Healthcare,Steve Salmon,2.48,0.18,0.43,1," $125,000 "," $85,000 "," $65,138 "," $29,000 ",34%," $40,791 "," $64,795 "," $29,000 ",34%,158,"$2,743.50 ",11,8,5,0,73%,9%,11,1,0,0,"$29,000 ",,15,2,59,0,10.00,10.00,10.3,0.0,5.0,0.0,0.0,10.0,8.3,1.7,0.0,21%,100.0,32.2,10.6,16.1,0.3,0.0,1.0," $32,095 ",0.0,N,0,N,58,N,80,N,98,N,109%,N,103%,N,86.9
329571,Dylan Firey,Midatlantic,DC Metro,Employee Benefits,Employee Benefits,Scott Carson,2.30,0.33,0.57,1," $125,000 "," $75,000 "," $33,808 "," $4,000 ",5%," $33,000 "," $33,622 "," $4,000 ",5%,83,"$6,000.00 ",20,2,20,0,10%,5%,5,1,0,0,"$4,000 ",,20,3,42,0,0.00,10.00,3.4,0.0,0.0,8.3,0.0,10.0,3.3,0.0,0.1,28%,100.0,42.7,14.1,21.3,0.3,0.0,1.4," $33,655 ",0.0,N,0,N,68,N,65,N,77,N,10%,N,12%,N,54
331742,Ed Culberson,Midwest,Michigan,Employee Benefits,Employee Benefits,Sal Giammarusti,1.98,0.11,0.33,1," $125,000 "," $90,000 "," $50,885 ", $-   ,0%," $75,751 "," $50,885 ", $-   ,0%,153,"$6,200.00 ",12,5,10,0,42%,0%,5,0,0,0,,,18,4,44,0,10.00,10.00,10.3,0.0,3.3,6.7,0.0,0.0,0.0,0.0,0.0,16%,100.0,24.8,8.2,12.4,0.3,0.0,0.6," $31,005 ",0.0,N,0,N,53,N,73,N,53,N,0%,N,0%,N,58.1
326214,Edward Donovan,New England,Massachusetts,Commercial Lines,Transportation,Michael Hutchinson,2.76,0.54,0.73,1," $135,000 "," $80,000 "," $48,443 "," $50,000 ",63%," $31,323 "," $24,873 "," $50,000 ",63%,107,"$3,168.00 ",22,9,23,0,41%,5%,9,1,1,0,"$35,000 ",,23,1,56,0,10.00,5.00,10.3,0.0,1.7,6.7,0.0,10.0,1.7,6.7,0.3,35%,100.0,54.0,17.8,27.0,0.3,0.0,2.0," $35,393 ",0.0,N,0,N,91,N,94,N,N/A,N,84%,N,113%,N,79.7
328905,Elizabeth Lombardo,Midatlantic,Philadelphia,Commercial Lines,Healthcare,Anthony DiBernardino,2.39,0.33,0.57,1," $125,000 "," $90,000 "," $86,139 "," $11,584 ",13%," $31,229 "," $84,622 "," $11,584 ",13%,167,"$2,795.00 ",22,12,20,0,55%,5%,6,1,0,0,"$11,584 ",,26,6,63,0,6.67,10.00,10.3,1.7,6.7,8.3,0.0,10.0,3.3,0.0,0.1,28%,100.0,42.7,14.1,21.3,0.3,0.0,1.4," $33,655 ",1.0,N,0,N,65,N,87,N,92,N,29%,N,34%,N,91.8
328787,Emile Welman,West,Irvine,Employee Benefits,Employee Benefits,Anthony Manganello,2.44,0.03,0.16,1," $130,000 "," $90,000 "," $43,080 ", $-   ,0%," $31,003 "," $42,800 ", $-   ,0%,52,"$15,501.50 ",2,0,2,0,0%,0%,2,0,0,0,,,10,6,24,0,10.00,10.00,0.0,0.0,0.0,0.0,0.0,0.0,0.0,0.0,0.0,8%,100.0,12.2,4.0,6.1,0.3,0.0,0.1," $29,208 ",0.0,N,0,N,65,N,78,N,73,N,0%,N,0%,N,8.5
332452,Eric Andrews,Mountain,Colorado,Commercial Lines,Real Estate,Nikki Zakrzewski,1.82,0.10,0.31,1," $165,000 "," $100,000 "," $164,371 ", $-   ,0%," $94,916 "," $156,258 ", $-   ,0%,81,"$20,732.00 ",2,1,0,0,50%,0%,5,0,0,0,,,5,5,28,1,10.00,10.00,3.4,0.0,0.0,0.0,0.0,0.0,0.0,0.0,0.0,16%,100.0,23.8,7.8,11.9,0.3,0.0,0.6," $30,858 ",3.0,Y,0,N,61,N,54,N,83,N,0%,N,0%,N,20.2
330638,Eric Meyerchick,Central,Illinois,Employee Benefits,Employee Benefits,Zach Gay,2.09,0.75,0.87,1," $125,000 "," $90,000 "," $40,692 ", $-   ,0%, $-   ," $28,394 ", $-   ,0%,81,,31,19,24,0,61%,0%,0,0,0,0,,,31,0,19,1,0.00,3.33,3.4,0.0,8.3,5.0,0.0,0.0,0.0,0.0,0.4,40%,100.0,63.0,20.8,31.5,0.3,0.0,2.4," $36,807 ",0.0,N,0,N,65,N,76,N,33,Y,0%,N,0%,N,6.3
320818,Eric Sawdon,Southeast,Tampa,Commercial Lines,Construction,Hildie Haviland,3.47,5.44,2.33,1," $200,000 "," $82,000 "," $292,667 "," $292,667 ",357%," $69,259 "," $106,429 "," $106,429 ",130%,128,"$1,811.50 ",68,32,20,20,47%,10%,27,7,2,0,"$19,384 ",,20,38,56,1,10.00,10.00,10.3,0.0,3.3,0.0,0.0,10.0,6.7,0.0,1.5,82%,100.0,149.2,49.2,74.6,0.3,0.1,7.9," $52,564 ",7.0,Y,0,N,No Criteria Data,N,No Criteria Data,N,No Criteria Data,N,91%,N,62%,N,79.7
318299,Erik Bohar,Northeast,New Jersey,Commercial Lines,Construction,Chris Sandford,4.05,6.66,2.58,1," $130,000 "," $92,000 "," $297,338 "," $297,338 ",323%," $60,861 "," $34,040 "," $34,040 ",37%,163,"$2,616.00 ",104,41,44,31,39%,6%,18,6,2,0,"$18,500 ",,44,45,52,2,10.00,0.00,10.3,3.3,5.0,1.7,10.0,8.3,3.3,0.0,1.7,86%,100.0,161.3,53.2,80.7,0.3,0.1,9.0," $55,244 ",0.0,N,0,N,38,Y,64,N,N/A,N,128%,Y,28%,N,71.1
333367,Evan Renner,Midwest,Cincinnati,Employee Benefits,Employee Benefits,Colin Cassady,1.67,0.11,0.33,1," $125,000 "," $75,000 "," $27,279 "," $4,500 ",6%," $33,800 "," $25,572 "," $4,500 ",6%,179,"$5,400.00 ",6,0,3,0,0%,17%,6,1,0,0,"$4,500 ",,10,1,56,0,10.00,10.00,10.3,0.0,0.0,0.0,0.0,10.0,10.0,0.0,0.0,16%,100.0,24.8,8.2,12.4,0.3,0.0,0.6," $31,005 ",0.0,N,0,N,74,N,79,N,58,N,26%,N,19%,N,77.4
331239,Garrett Busic,Midatlantic,Virginia,Commercial Lines,Construction,Justin Weis,2.05,0.68,0.82,1," $145,000 "," $105,000 "," $143,980 "," $26,688 ",25%," $73,527 "," $98,104 "," $26,688 ",25%,150,"$5,250.00 ",29,9,20,0,31%,0%,11,0,0,0,,,29,5,36,1,3.33,10.00,10.3,0.0,0.0,3.3,6.7,0.0,0.0,0.0,0.3,39%,100.0,60.2,19.9,30.1,0.3,0.0,2.3," $36,365 ",0.0,N,0,N,78,N,80,N,20,Y,36%,N,51%,N,40
331843,Gavin Schneider,Southeast,Ft Lauderdale,Employee Benefits,Employee Benefits,Brian McNulty,1.92,1.16,1.08,1," $130,000 "," $130,000 "," $10,041 "," $10,041 ",8%," $122,706 "," $5,244 "," $5,244 ",4%,4,"$14,299.00 ",22,10,20,2,45%,0%,8,0,0,0,,,22,3,2,1,0.00,0.00,0.0,0.0,0.0,1.7,0.0,0.0,0.0,0.0,0.5,48%,100.0,77.0,25.4,38.5,0.3,0.0,3.1," $39,075 ",0.0,N,0,N,65,N,79,N,20,Y,11%,N,9%,N,0.4
325784,Gil Feldman,Northeast,New Jersey,Commercial Lines,Transportation,Peter Munger,2.86,2.48,1.58,1," $130,000 "," $92,000 "," $74,367 "," $74,367 ",81%," $57,595 "," $47,429 "," $47,429 ",52%,150,"$4,900.00 ",67,28,48,13,42%,7%,16,5,4,0,"$5,268 ",,48,26,57,0,6.67,3.33,10.3,3.3,5.0,6.7,0.0,10.0,8.3,0.0,0.9,65%,100.0,108.0,35.6,54.0,0.3,0.0,5.0," $44,435 ",1.0,N,0,N,91,N,95,N,N/A,N,54%,N,60%,N,81.5
313058,Gillian Medina,Northwest,Washington,Employee Benefits,Employee Benefits,Dana Stirn,5.47,0.29,0.54,1," $125,000 "," $90,000 "," $52,714 "," $39,115 ",43%," $61,567 "," $50,957 "," $39,115 ",43%,76,"$8,217.00 ",14,4,12,0,29%,7%,9,1,0,0,"$39,115 ",,17,3,54,2,10.00,10.00,1.7,0.0,0.0,1.7,5.0,10.0,5.0,8.3,0.1,26%,100.0,40.4,13.3,20.2,0.3,0.0,1.3," $33,302 ",0.0,N,0,N,85,N,46,Y,18,Y,106%,N,119%,N,75.2
334911,Giovany Martinez,Southeast,Miami,Commercial Lines,Construction,Jake Scaduto,1.35,0.03,0.16,1," $125,000 "," $85,000 "," $67,727 ", $-   ,0%," $40,173 "," $67,727 ", $-   ,0%,24,"$3,086.50 ",0,0,0,0,0%,0%,6,0,0,0,,,1,0,38,1,10.00,10.00,0.0,0.0,0.0,0.0,0.0,10.0,0.0,0.0,0.0,8%,100.0,12.2,4.0,6.1,0.3,0.0,0.1," $29,208 ",0.0,N,0,N,6,Y,58,N,54,N,0%,N,0%,N,45
332470,Griffen Leonard,New England,Rhode Island,Commercial Lines,Healthcare,Michael Boehler,1.83,0.10,0.31,1," $125,000 "," $90,000 "," $39,724 ", $-   ,0%," $29,777 "," $39,724 ", $-   ,0%,73,"$2,500.00 ",9,3,8,0,33%,0%,11,0,0,0,,,11,6,35,0,10.00,10.00,1.7,0.0,0.0,3.3,8.3,0.0,0.0,0.0,0.0,16%,100.0,23.8,7.8,11.9,0.3,0.0,0.6," $30,858 ",0.0,N,0,N,No Criteria Data,N,No Criteria Data,N,No Criteria Data,N,0%,N,0%,N,38.7
330269,Hal Cunha,New England,Northern New England,Employee Benefits,Employee Benefits,Phil Bean,2.13,0.03,0.16,1," $125,000 "," $85,000 "," $30,774 ", $-   ,0%," $74,179 "," $30,774 ", $-   ,0%,40,"$13,267.00 ",0,0,0,0,0%,0%,5,0,0,0,,,5,1,38,0,10.00,10.00,0.0,0.0,0.0,0.0,0.0,10.0,0.0,0.0,0.0,8%,100.0,12.2,4.0,6.1,0.3,0.0,0.1," $29,208 ",0.0,N,0,N,61,N,91,N,96,N,0%,N,0%,N,45
334110,Harlan Kelly,Mountain,Colorado,Commercial Lines,Transportation,Nikki Zakrzewski,1.55,0.25,0.50,1," $150,000 "," $90,000 "," $127,836 "," $24,337 ",27%," $90,704 "," $120,526 "," $24,337 ",27%,132,"$5,536.00 ",17,7,14,0,41%,6%,13,1,1,0,"$24,337 ",,23,1,58,0,10.00,10.00,10.3,0.0,1.7,5.0,0.0,10.0,5.0,0.0,0.1,25%,100.0,37.8,12.5,18.9,0.3,0.0,1.2," $32,919 ",0.0,N,0,N,No Criteria Data,N,No Criteria Data,N,No Criteria Data,N,60%,N,65%,N,86
329366,Hayden Berry,Mountain,Colorado,Employee Benefits,Employee Benefits,Jessica Choate,2.32,1.25,1.12,1," $150,000 "," $90,000 "," $100,999 "," $100,999 ",112%," $60,274 "," $88,787 "," $88,787 ",99%,84,"$14,547.50 ",39,13,23,8,33%,3%,5,1,0,0,"$20,000 ",,36,23,36,1,10.00,10.00,3.4,0.0,0.0,1.7,8.3,0.0,1.7,0.0,0.5,50%,100.0,79.7,26.3,39.8,0.3,0.0,3.3," $39,516 ",1.0,N,0,N,No Criteria Data,N,No Criteria Data,N,No Criteria Data,N,94%,N,130%,Y,40.9
330936,Hayden Indahl,Northwest,Washington,Commercial Lines,IC - Manufacturing,Kevin Swiryn,2.07,1.00,1.00,1," $165,000 "," $107,000 "," $190,058 "," $190,058 ",178%," $50,835 "," $138,232 "," $138,232 ",129%,51,"$4,200.00 ",33,12,28,0,36%,3%,10,1,0,0,"$19,405 ",,33,8,39,0,10.00,10.00,0.0,0.0,1.7,5.0,10.0,0.0,1.7,0.0,0.5,45%,100.0,72.0,23.8,36.0,0.3,0.0,2.9," $38,250 ",0.0,N,0,N,No Criteria Data,N,No Criteria Data,N,No Criteria Data,N,182%,N,201%,N,47.2
335802,Henry Hemphill,Mountain,Colorado,Employee Benefits,Employee Benefits,Jessica Choate,1.15,0.03,0.16,1," $125,000 "," $90,000 "," $31,642 "," $15,000 ",17%," $46,503 "," $31,642 "," $15,000 ",17%,18,"$6,715.50 ",10,7,3,0,70%,10%,6,1,0,0,"$15,000 ",,19,0,61,1,10.00,10.00,0.0,6.7,10.0,0.0,0.0,10.0,10.0,0.0,0.0,8%,100.0,12.2,4.0,6.1,0.3,0.0,0.1," $29,208 ",0.0,N,0,N,29,Y,97,N,86,N,726%,N,88%,N,90
324961,Hunter Vaccaro,West,Irvine,Commercial Lines,Construction,Aaron Brown,2.96,1.34,1.16,1," $125,000 "," $90,000 "," $153,599 "," $153,599 ",171%," $90,192 "," $117,681 "," $117,681 ",131%,89,"$2,954.00 ",41,13,19,2,32%,15%,24,6,5,0,"$17,096 ",,37,12,55,2,10.00,10.00,5.2,0.0,0.0,0.0,6.7,10.0,10.0,0.0,0.6,51%,100.0,82.3,27.2,41.2,0.3,0.0,3.4," $39,958 ",0.0,N,0,N,No Criteria Data,N,No Criteria Data,N,No Criteria Data,N,164%,Y,200%,Y,76.1
331836,Isaiah Mitchell,Mountain,Minnesota,Employee Benefits,Employee Benefits,Jonathan May,1.95,0.38,0.62,1," $125,000 "," $85,000 "," $25,009 "," $2,501 ",3%," $60,950 "," $24,780 "," $2,501 ",3%,95,"$5,235.00 ",32,22,28,0,69%,3%,11,1,0,0,"$2,501 ",,51,12,51,0,0.00,6.67,6.9,3.3,10.0,10.0,0.0,8.3,1.7,0.0,0.2,30%,100.0,45.8,15.1,22.9,0.3,0.0,1.6," $34,127 ",0.0,N,0,N,65,N,84,N,99,N,6%,N,7%,N,69.8
329036,Jack Halverson,Southeast,Tampa,Employee Benefits,Employee Benefits,Jennifer Jackson,2.38,1.34,1.16,1," $130,000 "," $85,000 "," $53,460 "," $53,460 ",63%," $55,003 "," $33,751 "," $33,751 ",40%,96,"$5,500.50 ",38,11,22,0,29%,3%,8,1,0,0,"$6,001 ",,38,6,28,1,8.33,3.33,8.6,0.0,0.0,1.7,5.0,0.0,1.7,0.0,0.6,51%,100.0,82.3,27.2,41.2,0.3,0.0,3.4," $39,958 ",0.0,N,0,N,41,Y,93,N,82,N,55%,N,55%,N,22.9
327594,Jack Hannafin,Mountain,Minnesota,Employee Benefits,Employee Benefits,Chase Ambrosia,2.55,0.01,0.08,1," $125,000 "," $75,000 "," $42,976 ", $-   ,0%," $49,470 "," $40,945 ", $-   ,0%,24,"$6,280.00 ",5,0,1,0,0%,0%,7,0,0,0,,,14,8,40,0,10.00,10.00,0.0,6.7,0.0,0.0,0.0,0.0,10.0,0.0,0.0,4%,100.0,5.9,2.0,3.0,0.3,0.0,0.0," $28,325 ",0.0,N,0,N,No Criteria Data,N,No Criteria Data,N,No Criteria Data,N,#DIV/0!,N,0%,N,50.4
330880,Jack West,Midsouth,South Carolina,Commercial Lines,IC - Distribution,Robb Imbus,2.05,1.18,1.08,1," $128,500 "," $95,000 "," $91,633 "," $91,633 ",96%," $32,108 "," $67,607 "," $67,607 ",71%,169,"$3,716.00 ",45,6,30,3,13%,2%,8,1,0,0,"$4,300 ",,43,11,43,1,10.00,10.00,10.3,1.7,0.0,5.0,0.0,0.0,1.7,0.0,0.5,49%,100.0,77.6,25.6,38.8,0.3,0.0,3.2," $39,163 ",0.0,N,0,N,65,N,91,N,76,N,103%,N,118%,Y,57.2
331907,Jaime Johansen,Northwest,Washington,Commercial Lines,Construction,Garth Hamilton,1.92,0.62,0.79,1," $160,000 "," $95,000 "," $111,245 ", $-   ,0%," $37,372 "," $70,005 ", $-   ,0%,81,"$5,329.00 ",24,10,13,0,42%,0%,7,0,0,0,,,28,8,19,0,0.00,10.00,3.4,0.0,1.7,0.0,0.0,0.0,0.0,0.0,0.3,37%,100.0,57.8,19.1,28.9,0.3,0.0,2.2," $35,982 ",0.0,N,0,N,68,N,95,N,75,N,0%,N,0%,N,4.5
321559,James Beltz,Mountain,Colorado,Commercial Lines,Construction,Nikki Zakrzewski,3.34,1.08,1.04,1," $135,000 "," $75,000 "," $145,826 "," $145,826 ",194%," $85,025 "," $54,917 "," $54,917 ",73%,136,"$3,310.00 ",33,20,25,0,61%,3%,21,1,1,0,"$42,000 ",,33,7,51,1,10.00,10.00,10.3,0.0,6.7,3.3,0.0,0.0,1.7,10.0,0.5,47%,100.0,74.7,24.7,37.4,0.3,0.0,3.0," $38,692 ",0.0,N,0,N,No Criteria Data,N,No Criteria Data,N,No Criteria Data,N,163%,Y,95%,N,70.2
324754,James Graydon,Northeast,Long Island,Commercial Lines,IC - Manufacturing,Keith Camacho,2.97,1.20,1.10,1," $140,000 "," $90,000 "," $86,449 "," $86,449 ",96%," $76,673 "," $46,886 "," $46,886 ",52%,307,"$1,650.00 ",37,20,27,0,54%,0%,21,0,0,0,,,37,12,39,1,10.00,8.33,10.3,0.0,5.0,3.3,0.0,0.0,0.0,0.0,0.5,49%,100.0,78.3,25.8,39.1,0.3,0.0,3.2," $39,281 ",0.0,N,0,N,38,Y,92,N,N/A,N,88%,N,75%,N,47.7
300982,James Pedersen,Mountain,Minnesota,Commercial Lines,Transportation,Stephen Orme,17.44,4.14,2.04,1," $100,000 "," $85,000 "," $203,184 "," $203,184 ",239%," $237,118 "," $68,913 "," $68,913 ",81%,154,"$1,841.50 ",77,18,42,16,23%,5%,102,4,0,0,"$20,872 ",,45,32,53,1,10.00,8.33,10.3,1.7,0.0,3.3,3.3,8.3,1.7,0.0,1.2,77%,100.0,133.9,44.2,67.0,0.3,0.1,6.7," $49,383 ",1.0,N,0,N,No Criteria Data,N,No Criteria Data,N,No Criteria Data,N,146%,Y,90%,N,73.8
317287,James Peterson,Northeast,Long Island,Commercial Lines,Construction,Javier Caneda,4.28,4.97,2.23,1," $175,000 "," $75,000 "," $500,960 "," $500,960 ",668%," $103,352 "," $174,423 "," $174,423 ",233%,231,"$1,444.50 ",82,27,41,23,33%,9%,33,7,4,0,"$20,198 ",,41,36,63,1,10.00,10.00,10.3,1.7,1.7,1.7,6.7,10.0,6.7,0.0,1.4,81%,100.0,144.1,47.6,72.1,0.3,0.1,7.5," $51,474 ",2.0,Y,0,N,No Criteria Data,N,No Criteria Data,N,No Criteria Data,N,186%,N,121%,N,92.3
330608,Jaser Helu,Southeast,Alabama,Commercial Lines,Transportation,Dan Guthery,2.11,1.20,1.10,1," $133,400 "," $90,000 "," $101,659 "," $101,659 ",113%," $107,113 "," $36,112 "," $36,112 ",40%,51,"$3,778.00 ",44,21,41,0,48%,0%,25,0,0,0,,,44,2,34,0,10.00,5.00,0.0,1.7,6.7,10.0,0.0,0.0,0.0,0.0,0.5,49%,100.0,78.3,25.8,39.1,0.3,0.0,3.2," $39,281 ",0.0,N,0,N,74,N,81,N,99,N,108%,N,60%,N,33.3
321913,Jason Garfinkle,Midsouth,Raleigh,Employee Benefits,Employee Benefits,Matt Estrela,3.28,3.60,1.90,1," $175,000 "," $80,000 "," $361,707 "," $361,707 ",452%," $79,780 "," $193,767 "," $193,767 ",242%,216,"$7,250.00 ",59,25,24,24,42%,17%,20,10,0,0,"$27,500 ",,24,38,57,0,10.00,10.00,10.3,0.0,1.7,0.0,0.0,10.0,10.0,0.0,1.1,73%,100.0,126.5,41.7,63.2,0.3,0.0,6.2," $47,910 ",1.0,N,0,N,No Criteria Data,N,No Criteria Data,N,No Criteria Data,N,160%,N,155%,N,81.9
332929,Jason Leo,Northeast,NY Metro,Employee Benefits,Employee Benefits,Eric Labaska,1.75,0.11,0.33,1," $130,000 "," $82,000 "," $70,932 ", $-   ,0%," $44,580 "," $70,932 ", $-   ,0%,101,"$9,200.00 ",6,1,3,0,17%,0%,5,0,0,0,,,7,3,35,0,10.00,10.00,10.3,0.0,0.0,0.0,0.0,0.0,0.0,0.0,0.0,16%,100.0,24.8,8.2,12.4,0.3,0.0,0.6," $31,005 ",0.0,N,0,N,78,N,79,N,59,N,0%,N,0%,N,35.1
330483,Jay Heet,Central,Missouri,Employee Benefits,Employee Benefits,Dean Eggerding,2.11,0.29,0.54,1," $125,000 "," $90,000 "," $40,330 ", $-   ,0%," $70,585 "," $40,330 ", $-   ,0%,59,"$6,250.00 ",16,2,16,0,13%,0%,6,0,0,0,,,21,2,19,0,0.00,10.00,0.0,0.0,0.0,5.0,0.0,0.0,0.0,0.0,0.1,26%,100.0,40.4,13.3,20.2,0.3,0.0,1.3," $33,302 ",0.0,N,0,N,68,N,74,N,68,N,0%,N,0%,N,5.4
332358,Jazz Hughes,Central,Wisconsin,Employee Benefits,Employee Benefits,Alex Beaudry,1.84,0.01,0.08,1," $125,000 "," $102,000 "," $35,263 ", $-   ,0%," $68,567 "," $35,263 ", $-   ,0%,3,"$4,328.00 ",3,1,0,0,33%,0%,11,0,0,0,,,11,3,40,1,10.00,10.00,0.0,1.7,1.7,0.0,8.3,0.0,10.0,0.0,0.0,4%,100.0,5.9,2.0,3.0,0.3,0.0,0.0," $28,325 ",0.0,N,1,Y,No Criteria Data,N,No Criteria Data,N,No Criteria Data,N,#DIV/0!,N,0%,N,50.9
318210,Jen Rogers,West,Arizona,Commercial Lines,IC - Manufacturing,Mike Gates,4.05,6.86,2.62,1," $175,000 "," $85,000 "," $574,585 "," $574,585 ",676%," $108,723 "," $150,866 "," $150,866 ",177%,107,"$3,102.00 ",94,42,33,25,45%,11%,35,10,0,0,"$17,065 ",,33,39,60,0,10.00,10.00,10.3,1.7,5.0,0.0,0.0,10.0,8.3,0.0,1.7,87%,100.0,163.1,53.8,81.6,0.3,0.1,9.1," $55,656 ",0.0,N,0,N,No Criteria Data,N,No Criteria Data,N,No Criteria Data,N,180%,N,90%,N,88.7
334769,Jennifer Benson,Midwest,Indiana,Commercial Lines,Construction,Scott Chisholm,1.40,0.01,0.08,1," $125,000 "," $90,000 "," $75,750 ", $-   ,0%," $35,335 "," $66,511 ", $-   ,0%,143,"$3,461.00 ",2,1,0,0,50%,0%,7,0,0,0,,,4,0,43,0,10.00,10.00,10.3,0.0,1.7,0.0,0.0,0.0,10.0,0.0,0.0,4%,100.0,5.9,2.0,3.0,0.3,0.0,0.0," $28,325 ",0.0,N,0,N,No Criteria Data,N,No Criteria Data,N,No Criteria Data,N,#DIV/0!,N,0%,N,55.8
322206,Jesse Gioranino,New England,Massachusetts,Commercial Lines,Construction,Michael Hutchinson,3.25,4.54,2.13,1," $195,000 "," $95,000 "," $296,150 "," $296,150 ",312%," $64,107 "," $113,902 "," $113,902 ",120%,100,"$5,500.00 ",88,30,43,30,34%,11%,22,10,2,0,"$19,178 ",,43,42,70,1,10.00,10.00,8.6,3.3,3.3,3.3,8.3,10.0,10.0,0.0,1.3,79%,100.0,139.0,45.9,69.5,0.3,0.1,7.1," $50,414 ",4.0,Y,0,N,No Criteria Data,N,No Criteria Data,N,No Criteria Data,N,104%,N,74%,N,96.8
317068,Jessen Smith,Midatlantic,Philadelphia,Commercial Lines,Healthcare,Anthony DiBernardino,4.33,8.29,2.88,1," $200,000 "," $90,000 "," $620,836 "," $620,836 ",690%," $93,764 "," $254,926 "," $254,926 ",283%,166,"$3,264.00 ",127,50,46,40,39%,9%,30,11,0,0,"$25,500 ",,46,48,74,1,10.00,10.00,10.3,5.0,6.7,1.7,10.0,10.0,8.3,0.0,1.9,90%,100.0,174.8,57.7,87.4,0.3,0.1,10.3," $58,454 ",4.0,Y,0,N,No Criteria Data,N,No Criteria Data,N,No Criteria Data,N,154%,N,122%,N,98.6
318595,Jillian Smith,Southwest,Dallas,Commercial Lines,Healthcare,Mike Nielsen,3.92,6.60,2.57,1," $125,000 "," $90,000 "," $233,033 "," $233,033 ",259%," $106,126 "," $50,493 "," $50,493 ",56%,80,"$2,750.00 ",97,18,36,24,19%,5%,32,5,0,0,"$35,684 ",,36,43,36,0,10.00,3.33,1.7,3.3,0.0,0.0,0.0,6.7,1.7,6.7,1.6,86%,100.0,160.8,53.1,80.4,0.3,0.1,8.9," $55,126 ",0.0,N,0,N,No Criteria Data,N,No Criteria Data,N,No Criteria Data,N,104%,N,43%,N,40.5
318677,Joe Bialas,Central,Illinois,Commercial Lines,Transportation,Nicole McMurtry,3.95,4.88,2.21,1," $125,000 "," $80,000 "," $293,396 "," $293,396 ",367%," $92,065 "," $171,377 "," $171,377 ",214%,113,"$4,736.00 ",102,43,48,37,42%,8%,27,8,4,0,"$26,758 ",,48,48,70,3,10.00,10.00,10.3,5.0,8.3,3.3,0.0,10.0,8.3,0.0,1.4,80%,100.0,143.0,47.2,71.5,0.3,0.1,7.4," $51,238 ",2.0,Y,0,N,No Criteria Data,N,No Criteria Data,N,No Criteria Data,N,154%,Y,167%,Y,97.2
315265,Joe Casanova,Southwest,Austin,Commercial Lines,Construction,Brian Kenyon,4.84,2.48,1.58,1," $150,000 "," $75,000 "," $299,642 "," $299,642 ",400%," $173,103 "," $172,503 "," $172,503 ",230%,73,"$2,757.00 ",55,27,38,9,49%,7%,34,4,1,0,"$51,001 ",,39,17,54,3,10.00,10.00,1.7,1.7,5.0,5.0,0.0,10.0,5.0,0.0,0.9,65%,100.0,108.0,35.6,54.0,0.3,0.0,5.0," $44,435 ",2.0,Y,0,N,No Criteria Data,N,No Criteria Data,N,No Criteria Data,N,189%,Y,189%,Y,75.6
333010,Joe Coscia,Northeast,New Jersey,Employee Benefits,Employee Benefits,Denise Fiore,1.70,0.33,0.58,1," $135,000 "," $95,000 "," $44,351 ", $-   ,0%," $37,500 "," $43,052 ", $-   ,0%,72,"$7,000.00 ",24,7,18,0,29%,0%,5,0,0,0,,,29,1,28,0,0.00,10.00,1.7,1.7,0.0,6.7,5.0,0.0,0.0,0.0,0.1,28%,100.0,43.1,14.2,21.5,0.3,0.0,1.5," $33,714 ",0.0,N,0,N,No Criteria Data,N,No Criteria Data,N,No Criteria Data,N,0%,N,0%,N,21.6
329776,Joe Kurihara,Northwest,Oregon,Commercial Lines,Construction,Chris Brisbee,2.25,0.78,0.88,1," $140,000 "," $90,000 "," $75,629 ", $-   ,0%," $63,417 "," $35,441 ", $-   ,0%,40,"$3,994.00 ",32,8,17,0,25%,0%,11,0,0,0,,,32,14,13,0,0.00,6.67,0.0,0.0,0.0,1.7,3.3,0.0,0.0,0.0,0.4,41%,100.0,64.3,21.2,32.2,0.3,0.0,2.5," $37,013 ",0.0,N,0,N,61,N,55,N,57,N,0%,N,0%,N,1.3
333425,Joe Lucy,New England,Connecticut,Commercial Lines,Construction,Ed Maulucci,1.66,0.10,0.31,1," $125,000 "," $90,000 "," $67,061 ", $-   ,0%," $25,450 "," $60,266 ", $-   ,0%,63,"$8,200.00 ",4,2,4,0,50%,0%,3,0,0,0,,,6,0,24,0,10.00,10.00,0.0,0.0,0.0,0.0,0.0,0.0,0.0,0.0,0.0,16%,100.0,23.8,7.8,11.9,0.3,0.0,0.6," $30,858 ",0.0,N,0,N,50,N,91,N,99,N,0%,N,0%,N,8.5
334051,John Diefenderfer,Midwest,Columbus,Employee Benefits,Employee Benefits,Colin Cassady,1.57,0.33,0.57,1," $125,000 "," $80,000 "," $46,015 ", $-   ,0%," $39,110 "," $46,015 ", $-   ,0%,135,"$7,920.00 ",25,9,13,0,36%,0%,3,0,0,0,,,25,0,38,0,0.00,10.00,10.3,1.7,3.3,3.3,8.3,0.0,0.0,0.0,0.1,28%,100.0,42.7,14.1,21.3,0.3,0.0,1.4," $33,655 ",0.0,N,0,N,No Criteria Data,N,No Criteria Data,N,No Criteria Data,N,0%,N,0%,N,46.8
329040,John Dyers,Central,Illinois,Commercial Lines,Construction,Tommy Durkin,2.38,1.66,1.29,1," $125,000 "," $90,000 "," $59,084 "," $59,084 ",66%," $41,952 "," $45,116 "," $45,116 ",50%,122,"$4,200.00 ",45,10,40,2,22%,7%,12,3,1,0,"$2,100 ",,42,7,50,0,6.67,5.00,10.3,0.0,0.0,6.7,1.7,10.0,5.0,0.0,0.7,56%,100.0,90.5,29.9,45.2,0.3,0.0,3.9," $41,342 ",0.0,N,0,N,84,N,84,N,50,N,56%,N,70%,N,68.4
322122,John Roberson,West,Irvine,Commercial Lines,IC - Manufacturing,Aaron Brown,3.26,0.43,0.66,1," $125,000 "," $87,500 "," $132,150 ", $-   ,0%," $161,134 "," $87,792 ", $-   ,0%,116,"$2,993.50 ",20,10,10,0,50%,0%,28,0,0,0,,,26,12,27,1,0.00,10.00,10.3,0.0,3.3,0.0,0.0,0.0,0.0,0.0,0.2,32%,100.0,48.7,16.1,24.3,0.3,0.0,1.7," $34,568 ",0.0,N,1,Y,No Criteria Data,N,No Criteria Data,N,No Criteria Data,N,0%,N,0%,N,18
336014,Jon Shepherd,Central,Wisconsin,Commercial Lines,IC - Manufacturing,Jake Pedersen,1.13,0.01,0.08,1," $125,000 "," $90,000 "," $50,893 ", $-   ,0%, $-   ," $50,893 ", $-   ,0%,82,,0,0,0,0,0%,0%,0,0,0,0,,,5,0,48,1,10.00,10.00,3.4,0.0,0.0,0.0,0.0,10.0,10.0,0.0,0.0,4%,100.0,5.9,2.0,3.0,0.3,0.0,0.0," $28,325 ",0.0,N,0,N,65,N,98,N,49,Y,#DIV/0!,N,0%,N,63.9
329633,Jordan Czaykowski,West,Irvine,Commercial Lines,IC - Manufacturing,Aaron Brown,2.28,0.55,0.74,1," $165,000 "," $95,000 "," $146,109 "," $21,650 ",23%," $151,117 "," $142,830 "," $21,650 ",23%,87,"$5,490.00 ",24,8,17,0,33%,8%,15,2,0,0,"$10,825 ",,30,5,53,0,5.00,10.00,5.2,0.0,0.0,3.3,8.3,10.0,8.3,0.0,0.3,35%,100.0,54.4,18.0,27.2,0.3,0.0,2.0," $35,452 ",0.0,N,0,N,50,N,89,N,97,N,30%,N,40%,N,72.9
325963,Joseph Maestu,Midatlantic,Virginia,Commercial Lines,Construction,Justin Weis,2.84,2.48,1.58,1," $150,000 "," $80,000 "," $305,080 "," $305,080 ",381%," $42,019 "," $188,327 "," $188,327 ",235%,131,"$4,730.00 ",60,15,43,11,25%,5%,9,3,2,0,"$15,000 ",,43,18,57,3,10.00,10.00,10.3,1.7,0.0,5.0,3.3,8.3,1.7,0.0,0.9,65%,100.0,108.0,35.6,54.0,0.3,0.0,5.0," $44,435 ",0.0,N,0,N,38,Y,90,N,N/A,N,193%,Y,206%,Y,83.7
331477,Josh Gerke,Central,Illinois,Commercial Lines,Transportation,Nicole McMurtry,1.99,0.11,0.33,1," $125,000 "," $92,800 "," $47,892 ", $-   ,0%," $48,057 "," $37,995 ", $-   ,0%,89,"$3,000.00 ",13,7,15,0,54%,0%,10,0,0,0,,,17,4,47,0,10.00,10.00,5.2,1.7,6.7,10.0,0.0,0.0,0.0,0.0,0.0,16%,100.0,24.8,8.2,12.4,0.3,0.0,0.6," $31,005 ",0.0,N,0,N,61,N,90,N,94,N,0%,N,0%,N,61.7
316982,Julianne Wang,Southeast,Tampa,Commercial Lines,Real Estate,Adam Lopatin,4.05,0.85,0.92,1," $125,000 "," $85,000 "," $5,788 "," $2,358 ",3%," $42,470 ", $882 ," $2,358 ",3%,211,"$6,750.00 ",30,16,19,0,53%,3%,7,1,1,0,"$4,715 ",,35,20,22,2,0.00,0.00,10.3,0.0,5.0,1.7,0.0,3.3,1.7,0.0,0.4,43%,100.0,66.9,22.1,33.5,0.3,0.0,2.6," $37,425 ",1.0,N,1,Y,58,N,73,N,46,Y,3%,N,5%,N,7.2
304299,Julio Jimenez,Southeast,Miami,Commercial Lines,Real Estate,Alejandro Bolivar,7.12,1.55,1.24,1," $250,000 "," $75,000 "," $93,600 "," $93,600 ",125%," $578,701 "," $90,274 "," $90,274 ",120%,57,$559.00 ,56,22,48,8,39%,0%,119,0,0,0,,,48,9,49,1,10.00,10.00,0.0,3.3,5.0,10.0,10.0,0.0,0.0,0.0,0.6,54%,100.0,87.7,29.0,43.9,0.3,0.0,3.7," $40,871 ",12.0,Y,0,N,No Criteria Data,N,No Criteria Data,N,No Criteria Data,N,46%,N,73%,N,66.2
327930,Justin Hart,Midatlantic,Virginia,Commercial Lines,Construction,Justin Weis,2.58,0.17,0.41,1," $141,000 "," $100,000 "," $84,858 ", $-   ,0%," $58,978 "," $60,459 ", $-   ,0%,125,"$6,300.00 ",17,4,11,0,24%,0%,9,0,0,0,,,17,2,34,1,0.00,10.00,10.3,1.7,0.0,5.0,3.3,0.0,0.0,0.0,0.0,21%,100.0,31.0,10.2,15.5,0.3,0.0,0.9," $31,918 ",1.0,N,0,N,95,N,80,N,30,Y,0%,N,0%,N,32.4
334191,Justin Zima,New England,Connecticut,Employee Benefits,Employee Benefits,Billy MacNair,1.56,0.03,0.16,1," $130,000 "," $90,000 "," $17,342 ", $-   ,0%," $17,664 "," $16,934 ", $-   ,0%,25,"$7,044.00 ",4,0,4,0,0%,0%,3,0,0,0,,,11,3,28,0,10.00,10.00,0.0,0.0,0.0,3.3,0.0,0.0,0.0,0.0,0.0,8%,100.0,12.2,4.0,6.1,0.3,0.0,0.1," $29,208 ",0.0,N,0,N,No Criteria Data,N,No Criteria Data,N,No Criteria Data,N,0%,N,0%,N,19.3
328895,Karen Flores Santiago,Mountain,Colorado,Employee Benefits,Employee Benefits,Jessica Choate,2.40,1.43,1.19,1," $127,000 "," $78,000 "," $75,054 "," $75,054 ",96%," $55,398 "," $51,000 "," $51,000 ",65%,207,"$7,500.00 ",40,8,35,8,20%,3%,8,1,0,0,$0 ,,35,12,44,0,10.00,10.00,10.3,0.0,0.0,6.7,1.7,0.0,1.7,0.0,0.6,53%,100.0,84.6,27.9,42.3,0.3,0.0,3.6," $40,341 ",0.0,N,0,N,78,N,81,N,83,N,76%,N,83%,N,58.1
312046,Karen Morgott,New England,Upstate New York,Commercial Lines,Transportation,Timothy Geiger,5.64,12.74,3.57,1," $100,000 "," $85,000 "," $71,181 "," $71,181 ",84%," $94,653 "," $6,786 "," $6,786 ",8%,155,"$1,416.50 ",145,52,49,38,36%,3%,49,5,2,0,"$11,715 ",,49,42,28,0,0.00,0.00,10.3,5.0,5.0,0.0,8.3,0.0,1.7,0.0,2.4,93%,100.0,202.0,66.7,101.0,0.3,0.1,13.4," $65,876 ",1.0,N,0,N,No Criteria Data,N,No Criteria Data,N,No Criteria Data,N,28%,N,5%,N,21.1
333901,Keith Carmona,Northeast,White Plains,Commercial Lines,IC - Manufacturing,Roger Gill,1.59,0.03,0.16,1," $125,000 "," $90,000 "," $47,926 ", $-   ,0%," $25,318 "," $47,926 ", $-   ,0%,68,"$10,005.00 ",4,1,3,0,25%,0%,3,0,0,0,,,5,2,28,0,10.00,10.00,1.7,0.0,0.0,0.0,3.3,0.0,0.0,0.0,0.0,8%,100.0,12.2,4.0,6.1,0.3,0.0,0.1," $29,208 ",0.0,N,0,N,53,N,86,N,96,N,0%,N,0%,N,21.6
326754,Ken Lynch,Northeast,White Plains,Commercial Lines,Transportation,Roger Gill,2.63,0.38,0.62,1," $125,000 "," $90,000 "," $103,853 ", $340 ,0%," $62,444 "," $81,980 ", $340 ,0%,133,"$2,215.00 ",24,15,22,0,63%,4%,23,1,0,0,"$1,700 ",,25,4,56,0,0.00,10.00,10.3,1.7,8.3,8.3,0.0,10.0,1.7,0.0,0.2,30%,100.0,45.8,15.1,22.9,0.3,0.0,1.6," $34,127 ",1.0,N,0,N,No Criteria Data,N,No Criteria Data,N,No Criteria Data,N,1%,N,1%,N,80.6
333518,Kenny Leal,Southeast,Orlando,Commercial Lines,Transportation,Jason Cruse,1.63,0.38,0.62,1," $150,000 "," $80,000 "," $129,874 "," $22,190 ",28%," $33,320 "," $129,874 "," $22,190 ",28%,52,"$6,760.00 ",23,14,21,1,61%,13%,6,3,2,0,"$7,985 ",,30,4,61,1,10.00,10.00,0.0,1.7,8.3,8.3,0.0,10.0,10.0,0.0,0.2,30%,100.0,45.8,15.1,22.9,0.3,0.0,1.6," $34,127 ",0.0,N,0,N,41,Y,80,N,93,N,42%,N,51%,N,90.5
326149,Kim Lanham,Central,Missouri,Commercial Lines,Construction,Chris Natsch,2.80,0.24,0.49,1," $125,000 "," $82,500 "," $74,266 "," $1,200 ",1%," $49,187 "," $31,916 "," $1,200 ",1%,50,"$3,585.00 ",15,3,10,0,20%,7%,6,1,1,0,"$1,200 ",,20,5,35,1,0.00,10.00,0.0,0.0,0.0,1.7,1.7,10.0,6.7,0.0,0.1,24%,100.0,36.6,12.1,18.3,0.3,0.0,1.2," $32,742 ",0.0,N,0,N,22,Y,86,N,N/A,N,4%,N,4%,N,38.2
318483,Kyle Schaller,Southwest,Dallas,Commercial Lines,Public Entity,Mike Nielsen,3.99,0.68,0.83,1," $125,000 "," $78,000 "," $188,375 ", $-   ,0%," $109,044 "," $129,715 ", $-   ,0%,76,"$3,864.00 ",24,6,15,0,25%,0%,22,0,0,0,,,24,3,18,0,0.00,10.00,1.7,0.0,0.0,0.0,3.3,0.0,0.0,0.0,0.3,39%,100.0,60.4,19.9,30.2,0.3,0.0,2.3," $36,395 ",0.0,N,0,N,No Criteria Data,N,No Criteria Data,N,No Criteria Data,N,0%,N,0%,N,4
318904,Lana McNeill,Midsouth,Charlotte,Commercial Lines,Healthcare,Jonathan Magan,3.84,6.62,2.57,1," $150,000 "," $85,000 "," $106,191 "," $106,191 ",125%," $60,957 "," $3,065 "," $3,065 ",4%,69,"$1,250.00 ",91,20,50,27,22%,8%,28,7,0,0,"$15,848 ",,50,27,29,0,3.33,0.00,1.7,1.7,0.0,3.3,1.7,10.0,5.0,0.0,1.6,86%,100.0,161.0,53.1,80.5,0.3,0.1,8.9," $55,155 ",0.0,N,0,N,No Criteria Data,N,No Criteria Data,N,No Criteria Data,N,40%,N,2%,N,25.2
333466,Lara Greenberg,Northeast,NY Metro,Employee Benefits,Employee Benefits,Eric Labaska,1.65,0.03,0.16,1," $130,000 "," $87,000 "," $46,847 ", $-   ,0%," $9,348 "," $46,847 ", $-   ,0%,59,"$4,674.00 ",3,2,2,0,67%,0%,2,0,0,0,,,12,4,24,0,10.00,10.00,0.0,0.0,0.0,0.0,0.0,0.0,0.0,0.0,0.0,8%,100.0,12.2,4.0,6.1,0.3,0.0,0.1," $29,208 ",0.0,N,0,N,65,N,92,N,76,N,0%,N,0%,N,8.5
327534,Lauren Watt,New England,Upstate New York,Employee Benefits,Employee Benefits,Christopher Fiorello,2.57,0.10,0.31,1," $135,000 "," $95,000 "," $38,243 ", $-   ,0%," $63,707 "," $36,889 ", $-   ,0%,80,"$9,175.00 ",6,2,5,0,33%,0%,7,0,0,0,,,8,6,32,0,10.00,10.00,1.7,0.0,0.0,0.0,8.3,0.0,0.0,0.0,0.0,16%,100.0,23.8,7.8,11.9,0.3,0.0,0.6," $30,858 ",0.0,N,0,N,81,N,69,N,74,N,0%,N,0%,N,29.2
335665,Lecil Brothers,Southeast,Tennessee,Commercial Lines,Real Estate,Allen Wade,1.17,0.01,0.10,1," $125,000 "," $80,000 "," $60,410 ", $-   ,0%," $12,510 "," $60,410 ", $-   ,0%,86,"$12,510.00 ",2,0,1,0,0%,0%,1,0,0,0,,,19,2,36,0,10.00,10.00,5.2,0.0,0.0,0.0,0.0,0.0,10.0,0.0,0.0,5%,100.0,7.6,2.5,3.8,0.3,0.0,0.0," $28,560 ",0.0,N,0,N,No Criteria Data,N,No Criteria Data,N,No Criteria Data,N,#DIV/0!,N,0%,N,41.4
319035,Lee Winchester,Southeast,Orlando,Commercial Lines,Construction,Jason Cruse,3.84,8.29,2.88,1," $155,000 "," $80,000 "," $285,630 "," $285,630 ",357%," $62,480 "," $154,841 "," $154,841 ",194%,91,"$5,752.00 ",95,13,27,27,14%,8%,19,8,5,0,"$35,812 ",,27,39,55,1,10.00,10.00,6.9,1.7,0.0,0.0,0.0,10.0,5.0,6.7,1.9,90%,100.0,174.8,57.7,87.4,0.3,0.1,10.3," $58,454 ",6.0,Y,0,N,No Criteria Data,N,No Criteria Data,N,No Criteria Data,N,92%,N,96%,N,77
319601,Lloyd Brown,Southeast,Orlando,Commercial Lines,Healthcare,Jason Cruse,3.70,5.58,2.36,1," $150,000 "," $80,000 "," $278,944 "," $278,944 ",349%," $46,529 "," $180,230 "," $180,230 ",225%,90,"$1,641.00 ",86,34,33,29,40%,5%,24,4,0,0,"$58,658 ",,33,40,47,2,10.00,10.00,5.2,1.7,3.3,0.0,10.0,3.3,1.7,0.0,1.5,83%,100.0,150.7,49.7,75.4,0.3,0.1,8.1," $52,888 ",2.0,Y,0,N,No Criteria Data,N,No Criteria Data,N,No Criteria Data,N,114%,N,138%,Y,61.2
332454,Luke Jenkins,Mountain,Minnesota,Commercial Lines,Healthcare,Josh Plisch,1.84,0.25,0.50,1," $150,000 "," $90,000 "," $104,685 ", $-   ,0%," $36,372 "," $83,865 ", $-   ,0%,56,"$4,950.00 ",18,6,16,0,33%,0%,6,0,0,0,,,22,11,26,0,0.00,10.00,0.0,0.0,0.0,6.7,8.3,0.0,0.0,0.0,0.1,25%,100.0,37.6,12.4,18.8,0.3,0.0,1.2," $32,890 ",0.0,N,0,N,91,N,97,N,71,N,0%,N,0%,N,16.6
334065,Mac McCandless,West,Arizona,Commercial Lines,IC - Distribution,Andy Forsell,1.53,0.12,0.35,1," $125,000 "," $80,000 "," $98,521 ", $-   ,0%," $62,648 "," $98,521 ", $-   ,0%,138,"$6,000.00 ",12,0,10,0,0%,0%,7,0,0,0,,,15,0,40,0,10.00,10.00,10.3,0.0,0.0,5.0,0.0,0.0,0.0,0.0,0.0,18%,100.0,26.4,8.7,13.2,0.3,0.0,0.7," $31,240 ",0.0,N,0,N,58,N,73,N,72,N,0%,N,0%,N,49.5
334664,Madison Bockley,Midsouth,Georgia,Commercial Lines,Construction,Craig Elrod,1.40,0.12,0.35,1," $125,000 "," $85,000 "," $84,548 "," $5,100 ",6%," $34,568 "," $82,263 "," $5,100 ",6%,112,"$5,885.00 ",4,0,4,0,0%,25%,7,1,0,0,"$5,100 ",,8,3,56,0,10.00,10.00,10.3,0.0,0.0,0.0,0.0,10.0,10.0,0.0,0.0,18%,100.0,26.4,8.7,13.2,0.3,0.0,0.7," $31,240 ",0.0,N,0,N,No Criteria Data,N,No Criteria Data,N,No Criteria Data,N,26%,N,20%,N,77.4
318830,Marjorie Elliott,Northwest,Washington,Commercial Lines,Construction,Garth Hamilton,3.88,3.33,1.82,1," $150,000 "," $80,000 "," $346,054 "," $346,054 ",433%," $68,349 "," $253,294 "," $253,294 ",317%,43,"$2,789.00 ",55,17,35,12,31%,9%,20,5,3,0,"$15,000 ",,35,24,48,2,10.00,10.00,0.0,0.0,0.0,1.7,6.7,10.0,5.0,0.0,1.1,72%,100.0,122.3,40.4,61.2,0.3,0.0,5.9," $47,115 ",1.0,N,0,N,No Criteria Data,N,No Criteria Data,N,No Criteria Data,N,186%,Y,244%,Y,62.1
338146,Marquis Jones,Northwest,Washington,Small Commercial,Real Estate,Dustin Dekle,0.54,0.05,0.23,1," $90,000 "," $90,000 ", $-   , $-   ,0%, $-   , $-   , $-   ,0%,1,,0,0,0,0,0%,0%,0,0,0,0,,,0,0,24,0,10.00,0.00,0.0,0.0,0.0,0.0,0.0,10.0,0.0,0.0,0.0,12%,100.0,17.8,5.9,8.9,0.3,0.0,0.4," $30,003 ",0.0,N,0,N,No Criteria Data,N,No Criteria Data,N,No Criteria Data,N,0%,N,0%,N,8.5
331163,Matt Childs,Northwest,Oregon,Commercial Lines,IC - Manufacturing,Chris Brisbee,2.05,0.12,0.35,1," $142,262 "," $110,000 "," $100,509 ", $-   ,0%," $51,834 "," $63,902 ", $-   ,0%,131,"$5,000.00 ",12,0,6,0,0%,0%,7,0,0,0,,,29,16,35,0,10.00,10.00,10.3,0.0,0.0,0.0,0.0,0.0,0.0,0.0,0.0,18%,100.0,26.4,8.7,13.2,0.3,0.0,0.7," $31,240 ",0.0,N,0,N,No Criteria Data,N,No Criteria Data,N,No Criteria Data,N,0%,N,0%,N,35.1
328344,Matt Jaggard,Central,Illinois,Commercial Lines,IC - Manufacturing,Carmen Pignatiello,2.53,1.66,1.29,1," $125,000 "," $85,000 "," $94,041 "," $94,041 ",111%," $87,280 "," $65,054 "," $65,054 ",77%,87,"$8,326.00 ",37,16,33,6,43%,3%,10,1,0,0,"$74,486 ",,33,12,37,4,10.00,10.00,5.2,0.0,1.7,5.0,0.0,0.0,1.7,0.0,0.7,56%,100.0,90.5,29.9,45.2,0.3,0.0,3.9," $41,342 ",1.0,N,1,Y,45,Y,68,N,44,Y,89%,N,102%,Y,43.6
329164,Matt Sax,Central,Illinois,Commercial Lines,Transportation,Nicole McMurtry,2.38,1.76,1.33,1," $125,000 "," $90,000 "," $43,184 "," $43,184 ",48%," $68,499 "," $35,538 "," $35,538 ",39%,106,"$2,525.00 ",58,17,46,12,29%,0%,13,0,0,0,,,46,22,37,0,3.33,3.33,10.3,3.3,1.7,8.3,5.0,0.0,0.0,0.0,0.7,57%,100.0,92.9,30.7,46.4,0.3,0.0,4.0," $41,755 ",0.0,N,0,N,78,N,82,N,61,N,40%,N,54%,N,41.8
332697,Max Kohl,Southeast,Ft Lauderdale,Commercial Lines,Construction,Vinny Zollo,1.79,0.33,0.58,1," $125,000 "," $90,000 "," $51,691 "," $34,100 ",38%," $45,923 "," $30,776 "," $34,100 ",38%,82,"$10,643.00 ",18,3,10,0,17%,11%,6,2,2,0,"$17,050 ",,39,9,48,0,10.00,10.00,3.4,0.0,0.0,0.0,0.0,10.0,10.0,0.0,0.1,28%,100.0,43.1,14.2,21.5,0.3,0.0,1.5," $33,714 ",0.0,N,0,N,58,N,83,N,56,N,84%,N,99%,N,63.9
332513,Megan Todd,Mountain,Kansas,Commercial Lines,Healthcare,Bo Donora,1.82,0.43,0.66,1," $150,000 "," $110,000 "," $106,996 ", $-   ,0%," $62,100 "," $106,996 ", $-   ,0%,84,"$5,800.00 ",24,10,23,1,42%,0%,8,0,0,0,,,25,6,28,1,0.00,10.00,3.4,0.0,3.3,8.3,0.0,0.0,0.0,0.0,0.2,32%,100.0,48.7,16.1,24.3,0.3,0.0,1.7," $34,568 ",0.0,N,0,N,34,Y,80,N,86,N,0%,N,0%,N,22.5
332762,Michael Crowell,Midatlantic,Maryland,Commercial Lines,Construction,Andy Brown,1.79,0.59,0.77,1," $128,000 "," $95,000 "," $99,132 "," $25,000 ",26%," $52,114 "," $70,574 "," $25,000 ",26%,116,"$4,850.00 ",23,4,21,0,17%,4%,9,1,0,0,"$25,000 ",,24,4,52,2,6.67,10.00,10.3,0.0,0.0,5.0,0.0,10.0,1.7,0.0,0.3,36%,100.0,56.5,18.6,28.2,0.3,0.0,2.1," $35,776 ",0.0,N,0,N,34,Y,78,N,25,Y,42%,N,57%,N,71.6
329331,Michael Grant,New England,Connecticut,Commercial Lines,Construction,Ed Maulucci,2.32,1.76,1.33,1," $175,000 "," $95,000 "," $567,195 "," $567,195 ",597%," $37,480 "," $511,856 "," $511,856 ",539%,75,"$5,031.50 ",35,18,27,5,51%,20%,13,7,4,0,"$25,000 ",,27,11,49,1,10.00,10.00,1.7,0.0,1.7,1.7,0.0,10.0,10.0,0.0,0.7,57%,100.0,92.9,30.7,46.4,0.3,0.0,4.0," $41,755 ",0.0,N,0,N,50,N,80,N,27,Y,372%,N,557%,N,67.5
317982,Michael Kaplysh,Northeast,New Jersey,Commercial Lines,IC - Manufacturing,Chris Sandford,4.11,1.76,1.33,1," $130,000 "," $77,500 "," $172,505 "," $172,505 ",223%," $109,132 "," $42,721 "," $42,721 ",55%,175,"$2,817.00 ",50,13,38,2,26%,0%,25,0,0,0,,,47,4,42,1,10.00,6.67,10.3,1.7,0.0,6.7,3.3,0.0,0.0,0.0,0.7,57%,100.0,92.9,30.7,46.4,0.3,0.0,4.0," $41,755 ",0.0,N,0,N,No Criteria Data,N,No Criteria Data,N,No Criteria Data,N,152%,Y,63%,N,52.7
322554,Michael Loveless,Midwest,Indiana,Commercial Lines,Construction,Scott Chisholm,3.19,0.98,0.99,1," $125,000 "," $88,000 "," $38,532 "," $45,642 ",52%," $64,903 "," $29,588 "," $45,642 ",52%,136,"$5,426.50 ",29,10,25,0,34%,3%,11,1,0,0,"$76,070 ",,29,6,41,0,10.00,3.33,10.3,0.0,0.0,3.3,8.3,3.3,1.7,0.0,0.4,45%,100.0,71.5,23.6,35.7,0.3,0.0,2.9," $38,162 ",1.0,N,0,N,No Criteria Data,N,No Criteria Data,N,No Criteria Data,N,58%,N,88%,N,51.3
316361,Michael Ryan,Midatlantic,Philadelphia,Commercial Lines,IC - Manufacturing,Michael Baker,4.59,1.20,1.10,1," $130,000 "," $82,000 "," $184,791 "," $184,791 ",225%," $146,495 "," $85,524 "," $85,524 ",104%,181,"$4,454.50 ",43,22,33,0,51%,0%,30,0,0,0,,,43,14,49,3,10.00,10.00,10.3,1.7,6.7,6.7,0.0,0.0,0.0,0.0,0.5,49%,100.0,78.3,25.8,39.1,0.3,0.0,3.2," $39,281 ",2.0,Y,0,N,No Criteria Data,N,No Criteria Data,N,No Criteria Data,N,202%,Y,147%,Y,64.8
329214,Mike Quandt,Mountain,Minnesota,Commercial Lines,Construction,Cameron Purcell,2.34,0.82,0.91,1," $138,000 "," $90,000 "," $153,896 "," $45,001 ",50%," $110,430 "," $143,258 "," $45,001 ",50%,78,"$7,250.00 ",35,15,20,0,43%,6%,16,2,2,0,"$22,501 ",,37,7,51,0,10.00,10.00,1.7,1.7,3.3,3.3,0.0,10.0,5.0,0.0,0.4,42%,100.0,65.8,21.7,32.9,0.3,0.0,2.6," $37,249 ",0.0,N,0,N,89,N,87,N,60,N,58%,N,85%,N,70.7
332264,MJ Kim,West,Los Angeles,Employee Benefits,Employee Benefits,CJ Laugharn,1.86,0.33,0.57,1," $125,000 "," $80,000 "," $23,157 ", $-   ,0%," $61,741 "," $22,372 ", $-   ,0%,110,"$4,200.00 ",30,6,14,0,20%,0%,9,0,0,0,,,36,5,34,0,0.00,8.33,10.3,5.0,0.0,3.3,1.7,0.0,0.0,0.0,0.1,28%,100.0,42.7,14.1,21.3,0.3,0.0,1.4," $33,655 ",0.0,N,0,N,No Criteria Data,N,No Criteria Data,N,No Criteria Data,N,0%,N,0%,N,31.9
332795,Nate Cekander,Midwest,Michigan,Employee Benefits,Employee Benefits,Sal Giammarusti,1.79,0.21,0.46,1," $125,000 "," $80,000 "," $11,910 ", $-   ,0%," $64,070 "," $11,910 ", $-   ,0%,109,"$13,500.00 ",21,5,16,0,24%,0%,5,0,0,0,,,22,1,29,0,0.00,1.67,10.3,3.3,0.0,8.3,3.3,0.0,0.0,0.0,0.0,23%,100.0,34.8,11.5,17.4,0.3,0.0,1.1," $32,477 ",0.0,N,0,N,78,N,93,N,89,N,0%,N,0%,N,23.4
322633,Nate Eshleman,Midatlantic,Philadelphia,Commercial Lines,IC - Manufacturing,Michael Baker,3.15,2.47,1.57,1," $150,000 "," $83,000 "," $206,682 "," $206,682 ",249%," $81,910 "," $146,359 "," $146,359 ",176%,124,"$3,066.00 ",60,30,38,10,50%,8%,23,5,0,0,"$25,000 ",,46,16,66,2,10.00,10.00,10.3,1.7,6.7,5.0,0.0,10.0,8.3,0.0,0.9,65%,100.0,107.8,35.6,53.9,0.3,0.0,5.0," $44,405 ",0.0,N,0,N,No Criteria Data,N,No Criteria Data,N,No Criteria Data,N,131%,Y,161%,Y,95.9
323850,Neill Jennings,Midsouth,Raleigh,Commercial Lines,Construction,Lennie Bernstein,3.08,3.12,1.77,1," $125,000 "," $78,000 "," $314,378 "," $314,378 ",403%," $76,920 "," $234,217 "," $234,217 ",300%,193,"$5,100.00 ",64,16,43,19,25%,9%,20,6,3,0,"$31,277 ",,43,21,66,2,10.00,10.00,10.3,1.7,0.0,5.0,3.3,10.0,8.3,3.3,1.0,70%,100.0,119.1,39.3,59.5,0.3,0.0,5.7," $46,497 ",0.0,N,0,N,No Criteria Data,N,No Criteria Data,N,No Criteria Data,N,210%,Y,279%,Y,96.3
334566,Nelson Aguilera,Southeast,Miami,Commercial Lines,Construction,Jake Scaduto,1.46,0.15,0.39,1," $125,000 "," $85,000 "," $43,963 ", $-   ,0%," $58,749 "," $42,854 ", $-   ,0%,82,"$1,758.00 ",8,0,7,0,0%,0%,13,0,0,0,,,8,0,28,1,10.00,10.00,3.4,0.0,0.0,0.0,0.0,0.0,0.0,0.0,0.0,19%,100.0,29.2,9.6,14.6,0.3,0.0,0.8," $31,653 ",0.0,N,0,N,38,Y,79,N,55,N,0%,N,0%,N,20.2
321571,Nicholas Cesar,West,Arizona,Commercial Lines,Real Estate,Mike Gates,3.34,0.55,0.74,1," $125,000 "," $77,500 "," $142,722 ", $-   ,0%," $98,069 "," $109,810 ", $-   ,0%,91,"$2,215.00 ",25,9,19,4,36%,0%,29,0,0,0,,,25,10,31,0,0.00,10.00,6.9,0.0,1.7,3.3,8.3,0.0,0.0,0.0,0.3,35%,100.0,54.4,18.0,27.2,0.3,0.0,2.0," $35,452 ",0.0,N,0,N,No Criteria Data,N,No Criteria Data,N,No Criteria Data,N,0%,N,0%,N,28.8
310131,Nicholas DiCamillo,Midatlantic,Philadelphia,Commercial Lines,Construction,Michael Baker,6.16,0.51,0.71,1," $125,000 "," $75,000 "," $149,679 "," $10,000 ",13%," $83,294 "," $84,202 "," $10,000 ",13%,186,"$6,535.00 ",21,15,18,0,71%,0%,10,0,0,0,,,23,4,34,0,1.67,10.00,10.3,0.0,6.7,3.3,0.0,0.0,0.0,0.0,0.2,34%,100.0,52.5,17.3,26.3,0.3,0.0,1.9," $35,158 ",0.0,N,0,N,65,N,85,N,N/A,N,19%,N,25%,N,32.4
325817,Nick French,Southeast,Tampa,Commercial Lines,Real Estate,Adam Lopatin,2.84,1.81,1.35,1," $150,000 "," $85,000 "," $107,086 "," $107,086 ",126%," $75,902 "," $105,137 "," $105,137 ",124%,72,"$3,529.50 ",50,17,38,7,34%,4%,14,2,2,0,"$35,442 ",,44,14,52,1,10.00,10.00,1.7,1.7,1.7,6.7,8.3,3.3,1.7,6.7,0.7,58%,100.0,94.1,31.0,47.0,0.3,0.0,4.1," $41,961 ",1.0,N,0,N,87,N,95,N,N/A,N,81%,N,132%,Y,72.5
332329,Nick Thibault,Mountain,Minnesota,Commercial Lines,Education,Josh Plisch,1.86,0.15,0.39,1," $130,000 "," $87,500 "," $62,280 ", $-   ,0%," $30,017 "," $62,280 ", $-   ,0%,88,"$5,458.50 ",5,2,3,0,40%,0%,4,0,0,0,,,8,4,29,0,10.00,10.00,5.2,0.0,0.0,0.0,0.0,0.0,0.0,0.0,0.0,19%,100.0,29.4,9.7,14.7,0.3,0.0,0.8," $31,682 ",1.0,N,0,N,No Criteria Data,N,No Criteria Data,N,No Criteria Data,N,0%,N,0%,N,25.6
334336,Noah Fisher,Midwest,Cincinnati,Employee Benefits,Employee Benefits,Colin Cassady,1.52,0.06,0.24,1," $125,000 "," $90,000 "," $14,824 ", $-   ,0%," $27,500 "," $14,824 ", $-   ,0%,129,"$7,500.00 ",5,0,3,0,0%,0%,3,0,0,0,,,8,4,35,0,10.00,10.00,10.3,0.0,0.0,0.0,0.0,0.0,0.0,0.0,0.0,12%,100.0,18.7,6.2,9.3,0.3,0.0,0.4," $30,121 ",0.0,N,0,N,No Criteria Data,N,No Criteria Data,N,No Criteria Data,N,0%,N,0%,N,35.1
317406,Noah Richert,Southwest,Houston,Employee Benefits,Employee Benefits,Larry Saunders,4.26,2.48,1.58,1," $150,000 "," $75,000 "," $162,640 "," $162,640 ",217%," $74,500 "," $128,515 "," $128,515 ",171%,73,"$10,200.00 ",58,10,42,10,17%,3%,11,2,0,0,"$81,500 ",,43,18,35,1,10.00,10.00,1.7,1.7,0.0,5.0,0.0,0.0,1.7,0.0,0.9,65%,100.0,108.0,35.6,54.0,0.3,0.0,5.0," $44,435 ",1.0,N,0,N,68,N,79,N,N/A,N,103%,N,141%,Y,33.7
332597,Olivia Stoner,Mountain,Colorado,Employee Benefits,Employee Benefits,Jessica Choate,1.81,0.85,0.92,1," $140,000 "," $105,000 "," $72,416 "," $45,500 ",43%," $68,848 "," $47,582 "," $45,500 ",43%,133,"$8,566.00 ",40,6,25,1,15%,8%,11,3,0,0,"$20,000 ",,41,6,58,0,8.33,8.33,10.3,1.7,0.0,5.0,0.0,10.0,8.3,0.0,0.4,43%,100.0,66.9,22.1,33.5,0.3,0.0,2.6," $37,425 ",1.0,N,0,N,61,N,95,N,90,N,56%,N,83%,N,84.6
332857,Patrick Hanks,Midsouth,Raleigh,Employee Benefits,Employee Benefits,Jennifer Myers,1.75,0.75,0.87,1," $130,000 "," $105,000 "," $87,760 "," $32,200 ",31%," $29,200 "," $79,252 "," $32,200 ",31%,150,"$6,400.00 ",27,13,28,0,48%,7%,6,2,0,0,"$16,100 ",,29,4,56,0,5.00,10.00,10.3,0.0,3.3,6.7,0.0,10.0,5.0,0.0,0.4,40%,100.0,63.2,20.9,31.6,0.3,0.0,2.4," $36,836 ",0.0,N,0,N,71,N,96,N,81,N,46%,N,66%,N,80.6
319230,Patrick Williams,Northeast,Long Island,Commercial Lines,Construction,Javier Caneda,3.80,0.72,0.85,1," $145,000 "," $90,000 "," $244,227 "," $63,574 ",71%," $37,863 "," $124,291 "," $63,574 ",71%,187,"$5,170.00 ",59,33,36,0,56%,5%,10,3,3,0,"$18,165 ",,66,28,84,1,10.00,10.00,10.3,8.3,10.0,10.0,0.0,10.0,10.0,0.0,0.3,39%,100.0,61.7,20.4,30.9,0.3,0.0,2.4," $36,601 ",1.0,N,0,N,No Criteria Data,N,No Criteria Data,N,No Criteria Data,N,84%,N,120%,Y,99.5
331334,Patrick Zimmerman,Northeast,New Jersey,Employee Benefits,Employee Benefits,Brian LaMastro,2.04,0.33,0.58,1," $130,000 "," $95,000 "," $29,763 ", $-   ,0%," $37,902 "," $29,763 ", $-   ,0%,179,"$4,637.00 ",24,10,19,0,42%,0%,5,0,0,0,,,25,2,35,0,0.00,8.33,10.3,1.7,5.0,6.7,0.0,0.0,0.0,0.0,0.1,28%,100.0,43.1,14.2,21.5,0.3,0.0,1.5," $33,714 ",0.0,N,0,N,65,N,74,N,50,N,0%,N,0%,N,35.1
336364,Paul Bucca,Southeast,Tampa,Commercial Lines,Construction,Matt Conway,1.10,0.01,0.08,1," $150,000 "," $90,000 "," $113,834 ", $-   ,0%," $46,430 "," $113,834 ", $-   ,0%,81,"$10,152.00 ",3,0,1,0,0%,0%,5,0,0,0,,,9,0,37,0,10.00,10.00,3.4,1.7,0.0,0.0,0.0,0.0,10.0,0.0,0.0,4%,100.0,5.9,2.0,3.0,0.3,0.0,0.0," $28,325 ",0.0,N,0,N,71,N,94,N,99,N,#DIV/0!,N,0%,N,43.2
319229,Payton Quattropani,Northeast,Long Island,Commercial Lines,Construction,Keith Camacho,3.78,7.66,2.77,1," $135,000 "," $95,000 "," $190,314 "," $190,314 ",200%," $88,311 "," $149,923 "," $149,923 ",158%,91,"$3,500.00 ",142,71,68,28,50%,4%,19,5,3,0,"$15,431 ",,68,46,54,2,8.33,10.00,6.9,6.7,10.0,6.7,0.0,0.0,1.7,0.0,1.8,89%,100.0,169.9,56.1,84.9,0.3,0.1,9.8," $57,247 ",3.0,Y,0,N,No Criteria Data,N,No Criteria Data,N,No Criteria Data,N,73%,N,110%,Y,74.3
329764,Rachel Hernandez,Southeast,Tampa,Employee Benefits,Employee Benefits,Jennifer Jackson,2.25,0.19,0.44,1," $125,000 "," $85,000 "," $43,286 ", $-   ,0%," $30,867 "," $42,744 ", $-   ,0%,94,"$4,718.50 ",9,2,9,0,22%,0%,6,0,0,0,,,9,4,24,0,0.00,10.00,6.9,0.0,0.0,1.7,1.7,0.0,0.0,0.0,0.0,22%,100.0,33.2,11.0,16.6,0.3,0.0,1.0," $32,242 ",0.0,N,0,N,71,N,91,N,80,N,0%,N,0%,N,8.1
310463,Ramzy Sayegh,Midatlantic,Maryland,Commercial Lines,IC - Manufacturing,Andy Brown,6.08,0.05,0.23,1," $130,000 "," $90,000 "," $8,302 ", $-   ,0%," $69,588 ", $-   , $-   ,0%,148,"$1,800.00 ",5,2,4,0,40%,0%,29,0,0,0,,,5,0,21,0,10.00,0.00,10.3,0.0,0.0,0.0,0.0,0.0,0.0,0.0,0.0,12%,100.0,17.8,5.9,8.9,0.3,0.0,0.4," $30,003 ",0.0,N,0,N,No Criteria Data,N,No Criteria Data,N,No Criteria Data,N,0%,N,0%,N,6.7
325195,Rebecca Mikelonis,Central,Wisconsin,Employee Benefits,Employee Benefits,Alex Beaudry,2.92,1.24,1.12,1," $125,000 "," $96,000 "," $16,588 "," $16,588 ",17%," $53,700 "," $16,588 "," $16,588 ",17%,94,"$6,050.00 ",39,5,38,1,13%,5%,8,2,0,0,"$9,450 ",,38,8,31,0,0.00,0.00,6.9,0.0,0.0,8.3,0.0,10.0,1.7,0.0,0.5,50%,100.0,79.5,26.2,39.8,0.3,0.0,3.3," $39,487 ",0.0,N,0,N,74,N,86,N,51,N,18%,N,29%,N,27
324497,Riley Horsch,Mountain,Colorado,Commercial Lines,Real Estate,Nikki Zakrzewski,3.01,1.34,1.16,1," $160,000 "," $90,000 "," $48,772 "," $48,772 ",54%," $39,323 "," $42,287 "," $42,287 ",47%,47,"$1,626.00 ",40,15,29,3,38%,10%,19,4,2,0,"$4,014 ",,39,12,49,0,6.67,6.67,0.0,0.0,1.7,5.0,10.0,10.0,8.3,0.0,0.6,51%,100.0,82.2,27.1,41.1,0.3,0.0,3.4," $39,929 ",0.0,N,0,N,71,N,94,N,N/A,N,41%,N,56%,N,65.3
327518,Riley Lafferty,Southwest,Dallas,Commercial Lines,IC - Manufacturing,Howard McClure,2.59,0.78,0.88,1," $125,000 "," $90,000 "," $50,669 "," $4,706 ",5%," $77,940 "," $43,761 "," $4,706 ",5%,111,"$5,776.00 ",30,9,23,0,30%,3%,13,1,0,0,"$4,706 ",,31,0,40,1,0.00,10.00,10.3,0.0,0.0,5.0,6.7,3.3,1.7,0.0,0.4,41%,100.0,64.3,21.2,32.2,0.3,0.0,2.5," $37,013 ",0.0,N,1,Y,No Criteria Data,N,No Criteria Data,N,No Criteria Data,N,7%,N,10%,N,49.5
328659,Rob Kunnert,West,Arizona,Commercial Lines,Healthcare,Mike Gates,2.44,0.43,0.66,1," $125,000 "," $80,000 "," $81,100 "," $48,120 ",60%," $75,414 "," $82,389 "," $48,120 ",60%,131,"$2,701.00 ",26,10,23,2,38%,8%,17,2,0,0,"$24,060 ",,27,3,74,0,10.00,10.00,10.3,1.7,3.3,8.3,10.0,10.0,8.3,0.0,0.2,32%,100.0,48.7,16.1,24.3,0.3,0.0,1.7," $34,568 ",0.0,N,0,N,81,N,97,N,74,N,101%,N,127%,N,98.6
329370,Romy Nunez,Midatlantic,DC Metro,Commercial Lines,Real Estate,David Galbraith,2.33,0.38,0.62,1," $125,000 "," $90,000 "," $63,997 ", $-   ,0%," $84,101 "," $44,973 ", $-   ,0%,72,"$4,500.00 ",17,6,18,0,35%,0%,16,0,0,0,,,20,1,26,0,0.00,10.00,1.7,0.0,0.0,5.0,8.3,0.0,0.0,0.0,0.2,30%,100.0,45.8,15.1,22.9,0.3,0.0,1.6," $34,127 ",0.0,N,0,N,50,N,84,N,68,N,0%,N,0%,N,17.5
334628,Ruth Edwards,Northwest,Oregon,Employee Benefits,Employee Benefits,Michael Pigou,1.42,0.11,0.33,1," $130,000 "," $90,000 "," $53,629 "," $20,069 ",22%," $84,345 "," $53,629 "," $20,069 ",22%,54,"$8,100.00 ",8,4,8,1,50%,13%,9,1,0,0,"$20,069 ",,22,4,48,0,10.00,10.00,0.0,0.0,0.0,3.3,0.0,10.0,10.0,0.0,0.0,16%,100.0,24.8,8.2,12.4,0.3,0.0,0.6," $31,005 ",0.0,N,0,N,No Criteria Data,N,No Criteria Data,N,No Criteria Data,N,111%,N,80%,N,63
326647,Ryan Dumbach,Midatlantic,Philadelphia,Commercial Lines,Construction,John Dempsey,2.73,1.47,1.21,1," $130,000 "," $85,000 "," $99,157 "," $99,157 ",117%," $57,168 "," $40,071 "," $40,071 ",47%,217,"$6,650.00 ",54,26,33,6,48%,4%,10,2,1,0,"$29,000 ",,46,9,48,0,10.00,5.00,10.3,3.3,8.3,5.0,0.0,1.7,1.7,1.7,0.6,53%,100.0,85.7,28.3,42.8,0.3,0.0,3.6," $40,518 ",1.0,N,0,N,85,N,88,N,N/A,N,97%,N,63%,N,62.6
335564,Ryan Tasker,Mountain,Colorado,Employee Benefits,Employee Benefits,Toby Clark,1.21,0.03,0.16,1," $125,000 "," $90,000 "," $31,745 "," $22,000 ",24%," $57,000 "," $30,911 "," $22,000 ",24%,20,"$28,500.00 ",0,1,0,0,0%,0%,2,1,0,0,"$22,000 ",,0,0,45,0,10.00,10.00,0.0,0.0,0.0,0.0,0.0,10.0,10.0,0.0,0.0,8%,100.0,12.2,4.0,6.1,0.3,0.0,0.1," $29,208 ",1.0,N,0,N,No Criteria Data,N,No Criteria Data,N,No Criteria Data,N,1065%,N,129%,N,59.4
318771,Sabastian Champlin,Mountain,Colorado,Commercial Lines,Healthcare,Nikki Zakrzewski,3.89,7.45,2.73,1," $208,000 "," $80,000 "," $1,190,171 "," $1,190,171 ",1488%," $142,548 "," $359,241 "," $359,241 ",449%,113,"$2,776.00 ",107,44,42,31,41%,17%,55,18,0,0,"$24,432 ",,42,36,64,1,10.00,10.00,10.3,3.3,5.0,0.0,0.0,10.0,10.0,0.0,1.8,88%,100.0,168.2,55.5,84.1,0.3,0.1,9.6," $56,834 ",2.0,Y,0,N,No Criteria Data,N,No Criteria Data,N,No Criteria Data,N,301%,N,174%,N,93.6
329023,Sal LaMela,Northeast,New Jersey,Commercial Lines,IC - Distribution,Peter Munger,2.32,0.16,0.41,1," $140,000 "," $130,000 "," $49,017 "," $1,264 ",1%," $43,775 "," $45,814 "," $1,264 ",1%,96,"$2,492.00 ",13,7,11,0,54%,8%,14,1,0,0,"$2,527 ",,18,10,60,1,10.00,10.00,8.6,0.0,3.3,5.0,0.0,10.0,8.3,0.0,0.0,20%,100.0,30.6,10.1,15.3,0.3,0.0,0.9," $31,859 ",0.0,N,0,N,53,N,86,N,44,Y,5%,N,4%,N,87.8
316310,Sam Dunn,Northwest,Oregon,Commercial Lines,IC - Distribution,Chris Brisbee,4.59,1.20,1.10,1," $125,000 "," $80,000 "," $215,269 "," $215,269 ",269%," $145,919 "," $100,763 "," $100,763 ",126%,68,"$1,375.50 ",36,7,20,1,19%,6%,60,2,0,0,"$9,542 ",,34,17,43,2,10.00,10.00,1.7,0.0,0.0,1.7,0.0,10.0,1.7,0.0,0.5,49%,100.0,78.3,25.8,39.1,0.3,0.0,3.2," $39,281 ",1.0,N,0,N,No Criteria Data,N,No Criteria Data,N,No Criteria Data,N,245%,Y,180%,Y,55.4
334157,Sam James,Southeast,Tennessee,Commercial Lines,Real Estate,Allen Wade,1.53,0.29,0.54,1," $125,000 "," $100,000 "," $50,739 "," $3,500 ",4%," $32,630 "," $50,739 "," $3,500 ",4%,54,"$7,715.00 ",27,9,17,0,33%,4%,5,1,0,0,"$3,500 ",,30,0,49,0,0.00,10.00,0.0,3.3,3.3,6.7,8.3,10.0,3.3,0.0,0.1,27%,100.0,40.5,13.4,20.3,0.3,0.0,1.3," $33,332 ",0.0,N,0,N,No Criteria Data,N,No Criteria Data,N,No Criteria Data,N,9%,N,11%,N,66.6
334280,Scott Provost,New England,Massachusetts,Commercial Lines,Transportation,Patrick Tracy,1.54,0.29,0.54,1," $135,000 "," $90,000 "," $34,192 "," $25,538 ",28%," $42,811 "," $32,519 "," $25,538 ",28%,89,"$2,894.00 ",16,6,8,1,38%,19%,12,3,3,0,"$8,316 ",,22,1,57,0,10.00,10.00,5.2,0.0,0.0,0.0,10.0,10.0,10.0,0.0,0.1,27%,100.0,40.5,13.4,20.3,0.3,0.0,1.3," $33,332 ",1.0,N,0,N,No Criteria Data,N,No Criteria Data,N,No Criteria Data,N,64%,N,72%,N,83.3
322231,Sean Popejoy,Mountain,Nebraska,Commercial Lines,Construction,Bo Donora,3.24,0.43,0.66,1," $135,000 "," $85,000 "," $58,998 "," $4,001 ",5%," $85,611 "," $49,444 "," $4,001 ",5%,91,"$3,060.00 ",19,4,13,0,21%,11%,22,2,0,0,"$2,001 ",,23,6,43,0,0.00,10.00,6.9,0.0,0.0,1.7,1.7,10.0,8.3,0.0,0.2,32%,100.0,48.7,16.1,24.3,0.3,0.0,1.7," $34,568 ",0.0,N,0,N,No Criteria Data,N,No Criteria Data,N,No Criteria Data,N,8%,N,10%,N,56.7
332550,Shaun Gailey,West,Woodland Hills,Commercial Lines,IC - Manufacturing,Chuck Fick,1.81,0.59,0.77,1," $125,000 "," $90,000 "," $101,339 ", $830 ,1%," $47,310 "," $19,403 ", $830 ,1%,120,"$5,500.00 ",34,7,34,0,21%,3%,6,1,0,0,$830 ,,38,5,35,0,0.00,1.67,10.3,3.3,0.0,10.0,1.7,3.3,1.7,0.0,0.3,36%,100.0,56.5,18.6,28.2,0.3,0.0,2.1," $35,776 ",0.0,N,0,N,65,N,87,N,96,N,1%,N,2%,N,34.6
319980,Shawn Rubin,Northeast,Long Island,Commercial Lines,IC - Distribution,Javier Caneda,3.63,3.47,1.86,1," $125,000 "," $83,000 "," $181,177 "," $181,177 ",218%," $81,454 "," $128,703 "," $128,703 ",155%,140,"$3,275.00 ",61,16,45,13,26%,3%,20,2,0,0,"$8,615 ",,45,17,43,1,10.00,10.00,10.3,0.0,0.0,5.0,3.3,0.0,1.7,0.0,1.1,73%,100.0,124.5,41.1,62.2,0.3,0.0,6.1," $47,527 ",0.0,N,0,N,No Criteria Data,N,No Criteria Data,N,No Criteria Data,N,114%,N,146%,Y,57.2
326805,Shawn Younger,Southwest,Ft Worth,Commercial Lines,IC - Manufacturing,Vince Bell,2.67,0.23,0.48,1," $125,000 "," $88,000 "," $72,164 ", $-   ,0%," $73,612 "," $59,679 ", $-   ,0%,107,"$3,482.50 ",8,0,7,0,0%,0%,14,0,0,0,,,10,8,24,0,0.00,10.00,10.3,0.0,0.0,0.0,0.0,0.0,0.0,0.0,0.1,24%,100.0,36.2,12.0,18.1,0.3,0.0,1.1," $32,684 ",0.0,N,0,N,No Criteria Data,N,No Criteria Data,N,No Criteria Data,N,0%,N,0%,N,12.1
321412,Shea Butler,Mountain,Colorado,Commercial Lines,Construction,Nikki Zakrzewski,3.34,2.03,1.42,1," $150,000 "," $85,000 "," $283,812 "," $283,812 ",334%," $70,460 "," $135,462 "," $135,462 ",159%,112,"$1,088.50 ",52,35,35,4,67%,4%,30,2,1,0,"$37,741 ",,43,15,58,2,10.00,10.00,10.3,1.7,10.0,5.0,0.0,1.7,1.7,8.3,0.8,60%,100.0,98.9,32.7,49.5,0.3,0.0,4.4," $42,815 ",0.0,N,0,N,No Criteria Data,N,No Criteria Data,N,No Criteria Data,N,200%,Y,162%,Y,85.5
330974,Spencer Stone,West,Los Angeles,Commercial Lines,IC - Distribution,Monica Sanjinez,2.05,0.33,0.57,1," $125,000 "," $90,000 "," $49,835 ", $-   ,0%," $63,695 "," $48,863 ", $-   ,0%,209,"$4,545.00 ",16,4,10,0,25%,0%,9,0,0,0,,,21,5,27,0,0.00,10.00,10.3,0.0,0.0,0.0,3.3,0.0,0.0,0.0,0.1,28%,100.0,42.7,14.1,21.3,0.3,0.0,1.4," $33,655 ",0.0,N,0,N,58,N,81,N,98,N,0%,N,0%,N,18
327975,Stan Pettiford,New England,Massachusetts,Commercial Lines,IC - Manufacturing,Michael Hutchinson,2.58,2.48,1.58,1," $180,000 "," $90,000 "," $141,222 "," $141,222 ",157%," $38,000 "," $134,608 "," $134,608 ",150%,92,"$38,000.00 ",49,23,38,11,47%,4%,3,2,0,0,"$36,000 ",,38,17,49,1,10.00,10.00,6.9,0.0,3.3,5.0,0.0,3.3,1.7,6.7,0.9,65%,100.0,108.0,35.6,54.0,0.3,0.0,5.0," $44,435 ",1.0,N,0,N,34,Y,87,N,60,N,74%,N,123%,N,65.7
327938,Stephanie Lee,Central,Wisconsin,Commercial Lines,IC - Distribution,David Westphal,2.57,0.55,0.74,1," $125,000 "," $99,000 "," $202,613 ", $-   ,0%," $156,685 "," $72,149 ", $-   ,0%,90,"$156,685.00 ",25,6,29,1,24%,0%,1,0,0,0,,,29,16,32,1,0.00,10.00,5.2,0.0,0.0,10.0,3.3,0.0,0.0,0.0,0.3,35%,100.0,54.4,18.0,27.2,0.3,0.0,2.0," $35,452 ",0.0,N,0,N,58,N,76,N,21,Y,0%,N,0%,N,29.7
319444,Stephen Gorey,Southeast,Ft Lauderdale,Commercial Lines,Construction,Vinny Zollo,3.74,5.58,2.36,1," $150,000 "," $75,000 "," $149,945 "," $149,945 ",200%," $76,896 "," $15,780 "," $15,780 ",21%,107,"$2,675.00 ",84,28,39,32,33%,2%,18,2,1,0,"$79,342 ",,39,38,33,1,10.00,0.00,10.3,1.7,1.7,1.7,8.3,0.0,1.7,0.0,1.5,83%,100.0,150.7,49.7,75.4,0.3,0.1,8.1," $52,888 ",2.0,Y,0,N,No Criteria Data,N,No Criteria Data,N,No Criteria Data,N,61%,N,12%,N,31.5
328447,Sydney Bell,Central,Wisconsin,Employee Benefits,Employee Benefits,Alex Beaudry,2.48,1.57,1.25,1," $107,000 "," $90,000 "," $56,308 "," $56,308 ",63%," $71,900 "," $29,724 "," $29,724 ",33%,188,"$11,000.00 ",36,5,0,0,14%,8%,10,3,0,0,"$25,500 ",,33,9,37,1,6.67,1.67,10.3,0.0,0.0,0.0,0.0,10.0,5.0,0.0,0.6,55%,100.0,88.3,29.1,44.1,0.3,0.0,3.8," $40,960 ",0.0,N,0,N,89,N,58,N,48,Y,64%,N,55%,N,44.1
318652,Thaddeus Cornell,West,Arizona,Commercial Lines,Construction,Mike Gates,3.95,3.37,1.84,1," $125,000 "," $75,000 "," $149,850 "," $149,850 ",200%," $72,550 "," $50,109 "," $50,109 ",67%,70,"$1,423.50 ",52,10,32,8,19%,6%,21,3,1,0,"$10,652 ",,38,17,38,0,10.00,6.67,1.7,0.0,0.0,1.7,0.0,10.0,1.7,0.0,1.1,72%,100.0,123.0,40.6,61.5,0.3,0.0,6.0," $47,233 ",0.0,N,0,N,No Criteria Data,N,No Criteria Data,N,No Criteria Data,N,96%,N,58%,N,45.9
330084,Thomas Comstock,Northwest,Washington,Commercial Lines,Transportation,Kevin Swiryn,2.21,0.03,0.16,1," $134,000 "," $90,000 "," $78,365 ", $-   ,0%," $57,858 "," $44,936 ", $-   ,0%,23,"$5,625.00 ",1,0,0,0,0%,0%,9,0,0,0,,,2,0,24,0,10.00,10.00,0.0,0.0,0.0,0.0,0.0,0.0,0.0,0.0,0.0,8%,100.0,12.2,4.0,6.1,0.3,0.0,0.1," $29,208 ",0.0,N,0,N,78,N,91,N,59,N,0%,N,0%,N,8.5
328168,Thomas Messerich,Mountain,Minnesota,Employee Benefits,Employee Benefits,Brian Moe,2.55,0.33,0.57,1," $125,000 "," $75,000 "," $18,812 "," $2,700 ",4%," $48,707 "," $16,874 "," $2,700 ",4%,48,"$5,280.00 ",25,14,21,0,56%,4%,9,1,0,0,"$2,700 ",,29,14,40,0,0.00,5.00,0.0,1.7,8.3,8.3,0.0,10.0,3.3,0.0,0.1,28%,100.0,42.7,14.1,21.3,0.3,0.0,1.4," $33,655 ",0.0,N,0,N,No Criteria Data,N,No Criteria Data,N,No Criteria Data,N,7%,N,8%,N,49
326056,Tim Parelli,Southeast,Tampa,Commercial Lines,Construction,Matt Conway,2.82,0.36,0.60,1," $125,000 "," $88,000 "," $64,443 ", $-   ,0%," $75,054 "," $64,022 ", $-   ,0%,142,"$8,000.00 ",22,1,16,0,5%,0%,8,0,0,0,,,23,10,30,1,0.00,10.00,10.3,0.0,0.0,5.0,0.0,0.0,0.0,0.0,0.1,29%,100.0,44.4,14.7,22.2,0.3,0.0,1.5," $33,921 ",0.0,N,1,Y,No Criteria Data,N,No Criteria Data,N,No Criteria Data,N,0%,N,0%,N,26.1
319671,Tishaun Dennis,Midatlantic,Virginia,Commercial Lines,Healthcare,Justin Weis,3.68,2.48,1.58,1," $145,000 "," $90,000 "," $142,425 "," $142,425 ",158%," $70,383 "," $91,714 "," $91,714 ",102%,67,"$2,730.00 ",54,12,34,11,22%,7%,19,4,0,0,"$15,000 ",,37,18,48,1,10.00,10.00,0.0,1.7,0.0,3.3,1.7,10.0,5.0,0.0,0.9,65%,100.0,108.0,35.6,54.0,0.3,0.0,5.0," $44,435 ",0.0,N,0,N,No Criteria Data,N,No Criteria Data,N,No Criteria Data,N,93%,N,104%,Y,63.5
325224,TJ Lee,Central,Wisconsin,Employee Benefits,Employee Benefits,Damian Simons,2.92,3.27,1.81,1," $120,000 "," $80,000 "," $131,431 "," $131,431 ",164%," $86,175 "," $55,810 "," $55,810 ",70%,152,"$6,872.00 ",68,17,41,26,25%,3%,11,2,0,0,"$27,500 ",,41,30,39,0,10.00,6.67,10.3,1.7,0.0,3.3,3.3,0.0,1.7,0.0,1.1,71%,100.0,121.4,40.1,60.7,0.3,0.0,5.8," $46,938 ",0.0,N,0,N,No Criteria Data,N,No Criteria Data,N,No Criteria Data,N,89%,N,68%,N,47.7
323138,Tom Moots,Southeast,Tennessee,Commercial Lines,IC - Manufacturing,Robert Harris,3.11,1.99,1.41,1," $125,000 "," $80,000 "," $61,666 "," $61,666 ",77%," $101,166 "," $8,386 "," $8,386 ",10%,74,"$6,500.00 ",51,18,38,7,35%,0%,13,0,0,0,,,38,15,25,0,8.33,0.00,1.7,1.7,1.7,5.0,8.3,0.0,0.0,0.0,0.8,60%,100.0,98.1,32.4,49.1,0.3,0.0,4.4," $42,668 ",1.0,N,0,N,No Criteria Data,N,No Criteria Data,N,No Criteria Data,N,53%,N,12%,N,13.9
328232,Trenton Laws,Midwest,Columbus,Commercial Lines,IC - Manufacturing,Brent Fox,2.53,1.72,1.31,1," $130,000 "," $90,000 "," $490,497 "," $490,497 ",545%," $37,642 "," $285,936 "," $285,936 ",318%,143,"$3,795.00 ",62,40,50,6,65%,5%,10,3,0,0,"$52,396 ",,50,17,72,2,10.00,10.00,10.3,3.3,10.0,10.0,0.0,8.3,5.0,0.0,0.7,56%,100.0,91.9,30.3,45.9,0.3,0.0,4.0," $41,578 ",1.0,N,0,N,No Criteria Data,N,No Criteria Data,N,No Criteria Data,N,439%,Y,423%,Y,98.1
333904,Trevor Owens,Southeast,Miami,Commercial Lines,Construction,Alejandro Bolivar,1.58,0.12,0.35,1," $125,000 "," $80,000 "," $51,559 ", $-   ,0%," $31,700 "," $51,559 ", $-   ,0%,68,"$8,100.00 ",15,8,16,4,53%,0%,4,0,0,0,,,21,10,44,0,10.00,10.00,1.7,1.7,8.3,10.0,0.0,0.0,0.0,0.0,0.0,18%,100.0,26.4,8.7,13.2,0.3,0.0,0.7," $31,240 ",0.0,N,0,N,No Criteria Data,N,No Criteria Data,N,No Criteria Data,N,0%,N,0%,N,59
317640,Troy Whitmill,Southeast,Tampa,Commercial Lines,Real Estate,Adam Lopatin,4.05,0.38,0.62,1," $150,000 "," $85,000 "," $143,997 "," $11,617 ",14%," $31,501 "," $143,997 "," $11,617 ",14%,115,"$7,000.00 ",27,21,22,0,78%,4%,5,1,1,0,"$23,234 ",,36,16,62,2,5.00,10.00,10.3,1.7,10.0,8.3,0.0,10.0,1.7,0.0,0.2,30%,100.0,45.8,15.1,22.9,0.3,0.0,1.6," $34,127 ",2.0,Y,0,N,58,N,88,N,23,Y,22%,N,27%,N,91.4
326725,Tyler Saron,Midatlantic,Maryland,Employee Benefits,Employee Benefits,Nicholas Mafale,2.71,1.91,1.38,1," $175,000 "," $100,000 "," $62,455 "," $62,455 ",62%," $41,461 "," $61,865 "," $61,865 ",62%,139,"$10,000.00 ",42,6,29,4,14%,2%,6,1,0,0,"$20,000 ",,35,12,32,0,5.00,8.33,10.3,0.0,0.0,3.3,0.0,0.0,1.7,0.0,0.7,59%,100.0,96.4,31.8,48.2,0.3,0.0,4.3," $42,373 ",0.0,N,0,N,61,N,90,N,N/A,N,39%,N,65%,N,30.1
328678,Tyler Slocum,Southwest,Houston,Employee Benefits,Employee Benefits,David Truxillo,2.46,1.16,1.08,1," $135,000 "," $75,000 "," $52,055 "," $52,055 ",69%," $54,914 "," $48,698 "," $48,698 ",65%,52,"$8,370.00 ",38,10,22,0,26%,3%,6,1,0,0,"$14,000 ",,37,8,29,1,10.00,10.00,0.0,0.0,0.0,1.7,3.3,0.0,1.7,0.0,0.5,48%,100.0,77.0,25.4,38.5,0.3,0.0,3.1," $39,075 ",0.0,N,0,N,38,Y,85,N,87,N,56%,N,82%,N,24.3
329530,Vinny Niglio,Southeast,Orlando,Commercial Lines,Construction,Jason Cruse,2.28,1.61,1.27,1," $125,000 "," $90,000 "," $74,989 "," $74,989 ",83%," $47,000 "," $45,328 "," $45,328 ",50%,96,"$12,000.00 ",49,19,42,4,39%,2%,5,1,1,0,"$17,000 ",,45,5,50,0,10.00,6.67,8.6,1.7,3.3,8.3,10.0,0.0,1.7,0.0,0.7,55%,100.0,89.3,29.5,44.6,0.3,0.0,3.8," $41,136 ",0.0,N,0,N,89,N,87,N,55,N,72%,N,72%,N,68
316062,William Conner,Midatlantic,Virginia,Commercial Lines,Transportation,Justin Weis,4.66,13.16,3.63,1," $200,000 "," $80,000 "," $1,739,650 "," $1,739,650 ",2175%," $75,832 "," $183,490 "," $183,490 ",229%,97,"$4,812.00 ",101,25,13,11,25%,13%,27,13,9,0,"$28,000 ",,13,23,54,1,10.00,10.00,8.6,0.0,0.0,0.0,3.3,10.0,6.7,0.0,2.4,93%,100.0,204.0,67.3,102.0,0.3,0.1,13.7," $66,495 ",6.0,Y,0,N,No Criteria Data,N,No Criteria Data,N,No Criteria Data,N,340%,N,71%,N,74.7
321697,Zach Johnson,Southwest,Dallas,Commercial Lines,IC - Manufacturing,Howard McClure,3.32,2.08,1.44,1," $125,000 "," $77,000 "," $102,039 "," $102,039 ",133%," $102,869 "," $44,752 "," $44,752 ",58%,101,"$3,065.00 ",52,17,37,6,33%,6%,20,3,0,0,"$32,924 ",,42,10,63,0,10.00,6.67,10.3,1.7,1.7,5.0,6.7,10.0,3.3,5.0,0.8,61%,100.0,99.9,33.0,50.0,0.3,0.0,4.5," $42,992 ",0.0,N,0,N,No Criteria Data,N,No Criteria Data,N,No Criteria Data,N,85%,N,64%,N,93.2
314688,Zach Savitz,Mountain,Minnesota,Employee Benefits,Employee Benefits,Chase Ambrosia,5.13,2.25,1.50,2," $100,000 "," $60,000 "," $62,498 "," $62,498 ",104%," $86,585 "," $36,391 "," $36,391 ",61%,192,"$5,750.00 ",63,24,40,21,38%,2%,11,1,0,0,"$33,600 ",,40,32,55,0,10.00,6.67,10.3,3.3,5.0,5.0,10.0,0.0,1.7,5.0,0.5,63%,100.0,103.6,34.2,51.8,0.3,0.0,4.3," $43,640 ",0.0,N,0,N,No Criteria Data,N,No Criteria Data,N,No Criteria Data,N,62%,N,62%,N,76.5
322887,Zach Slade,Central,Illinois,Commercial Lines,Healthcare,Tommy Durkin,3.15,0.68,0.82,3," $125,000 "," $89,000 "," $46,715 ", $-   ,0%," $44,335 "," $45,758 ", $-   ,0%,68,"$3,302.00 ",33,7,29,0,21%,0%,11,0,0,0,,,34,8,38,0,10.00,10.00,1.7,1.7,0.0,8.3,1.7,0.0,0.0,0.0,0.0,39%,100.0,60.2,19.9,30.1,0.3,0.0,1.6," $36,365 ",0.0,N,0,N,No Criteria Data,N,No Criteria Data,N,No Criteria Data,N,0%,N,0%,N,45.9
